trgtpsnNo,ctryCd,ctryNm,buyerNm,industryNm,prodNm
6005411254,450,미국,SOLEVY CO LLC,화장품 제조업,"Manufactures perfumes, cosmetics or other toilet preparations "
6005406693,450,미국,HAPAKRISTIN INC,"화장품, 비누 및 방향제 소매업",COSMETICS AND COLORED CONTACTS RETAIL
6005310185,450,미국,FORMA BRANDS LLC ,"화장품, 비누 및 방향제 소매업",Retail sale of cosmetic and toilet articles in specialised stores
6003196708,450,미국,AMERICAN INTERNATIONAL INDUSTRIES INC,화장품 제조업,"Manufactures perfumes, cosmetics or other toilet preparations "
6001993379,450,미국,SOON SKIN CARE INC,기타 통신 판매업,"Operates catalog or mail-order houses, specializing in cosmetics or perfumes  "
6001931828,450,미국,WORLDWIDE PERFUMES LLC,화장품 및 화장용품 도매업,Wholesale of perfume and cosmetics
6001768351,450,미국,IROAD LLC,기타 가공식품 도매업,"wholesale distribution of European, Indian, Korean, Brazilian products. It offers Medical Devices, Cosmetics, Food products and more."
6001402607,450,미국,LAKLARA INC,그 외 기타 분류 안된 운송 관련 서비스업,"GENERAL COSMETICS, SOLAR PANEL"
6001113969,450,미국,KREASSIVE LLC,그 외 기타 생활용품 도매업,"FOOD, HOUSEHOLD GOODS AND COSMETICS WHOLESALE & RETAIL"
6000323592,450,미국,REVLON INC,화장품 제조업,"Mfg perfumes,
cosmetics, and other
toilet preparations"
6000285661,450,미국,PRESPERSE CORPORATION,화장품 제조업,"Manufactures perfumes, cosmetics and other toilet preparations"
6000193882,450,미국,STAGE STORES INC,기타 대형 종합 소매업,"specialty department store retailer offering moderately priced, nationally recognized brand name and private label apparel, accessories, cosmetics and footwear for the entire family"
6001578163,450,미국,G S COSMECEUTICAL USA INC,화장품 제조업,"Manufactures perfumes, cosmetics and other toilet preparations"
6000317547,450,미국,KOBO PRODUCTS INC,화장품 제조업,"Manufactures perfumes, cosmetics and other toilet
preparations"
6000449903,450,미국,LEE AND GEN GLOBAL CORPORATION,화장품 및 화장용품 도매업,"Wholesales drugs, proprietaries or sundries, specializing in cosmetics."
6000539904,450,미국,LYKT CONSULTING INC,의약품 도매업,"Wholesales drugs, proprietaries or sundries, specializing in cosmetics."
6000324592,450,미국,ALBEA COSMETICS AMERICA INC,의약품 도매업,"Wholesales drugs, proprietaries or sundries, specializing in cosmetics"
6003392552,450,미국,ALBEA AMERICAS INC,포장용 유리용기 제조업,"Manufactures glass containers, specializing in cosmetic jars and bottles for packing, bottling or canning."
6000465801,450,미국,LANCER SKINCARE LLC,화장품 제조업,"Manufactures perfumes, cosmetics and other toilet
preparations"
6000432253,450,미국,KENDO HOLDINGS INC,화장품 및 화장용품 도매업,"Wholesales drugs, proprietaries or sundries, specializing in cosmetics, perfumes or hair products"
6001027414,450,미국,ROBANDA INTERNATIONAL INC,화장품 및 화장용품 도매업,"Wholesales drugs, proprietaries or sundries, specializing in cosmetics"
6001427095,450,미국,PIXI INC,의약품 도매업,"Wholesales drugs, proprietaries or sundries, specializing in cosmetics"
6001630258,450,미국,AVLON INDUSTRIES INC,화장품 제조업,"Manufactures perfumes, cosmetics or
other toilet preparations and hair products"
6005387354,450,미국,KENVUE INC,화장품 제조업,"Perfumes, cosmetics & other toilet preparations"
6005460250,450,미국,VALENTINE BRANDS LLC,화장품 제조업,"Manufactures perfumes, cosmetics and other toilet preparations"
6005455423,450,미국,THRIVE CAUSEMETICS INC,"화장품, 비누 및 방향제 소매업",Retails cosmetics 
6005451388,450,미국,JEFFREE STAR COSMETICS INC,의약품 도매업,"Wholesales drugs, proprietaries or sundries, specializing in cosmetics"
6005391865,450,미국,SAYOLA BEAUTY VENTURES LLC,의약품 도매업,"Wholesales drugs, proprietaries or sundries, specializing in cosmetics, perfumes or hair products."
6003625040,450,미국,ANASTASIA BEVERLY HILLS LLC,"화장품, 비누 및 방향제 소매업",Retails cosmetics 
6000527513,450,미국,CGETC INC,그 외 기타 상품 전문 도매업,COSMETICS & FOODS WHOLESALE AND RETAIL
6000602676,450,미국,ZION GLOBAL INC,화장품 및 화장용품 도매업,COSMETICS AND PACKAGED FROZEN GOODS IMPORT & WHOLESALE
6000448801,450,미국,WORMSER CORPORATION,화장품 제조업,"Manufactures perfumes, cosmetics and other toilet preparations"
6002297994,450,미국,PROCTER AND GAMBLE HAIR CARE LLC,화장품 제조업,"Manufactures perfumes, cosmetics and other toilet preparations"
6003454696,450,미국,C CARE LLC,화장품 제조업,"Manufactures perfumes, cosmetics or other toilet preparations"
6002136045,450,미국,BEAUTY MANUFACTURING SOLUTIONS CORP,화장품 제조업,"Manufactures perfumes, cosmetics and other toilet preparations"
6005317818,450,미국,BEAUTEERS LLC ,"화장품, 비누 및 방향제 소매업",Retails cosmetics
6002104483,450,미국,L OREAL USA PRODUCTS INC,"화장품, 비누 및 방향제 소매업",Retails cosmetics
6002992242,450,미국,CARIBBEAN NATURAL PRODUCTS INC,의약품 도매업,"Wholesales drugs, proprietaries or sundries, specializing in cosmetics"
6001679877,450,미국,AVATARA PERSONAL CARE LLC,의약품 도매업,"Wholesales drugs, proprietaries or sundries, specializing in cosmetics."
6002096064,450,미국,JACKSONFILL LLC,화장품 제조업,"Manufactures perfumes, cosmetics and other toilet preparations"
6005425591,450,미국,KAO USA INC,화장품 제조업,"Manufactures perfumes, cosmetics and other toilet preparations"
6001776234,450,미국,VIORI BEAUTY LLC,화장품 제조업,"Manufactures perfumes, cosmetics or other toilet preparations"
6002103477,450,미국,VOYANT BEAUTY LLC,화장품 제조업,"Manufactures perfumes, cosmetics or other toilet preparations"
6005409475,450,미국,KCOSERA INC,화장품 및 화장용품 도매업,"Wholesales drugs, proprietaries or sundries, specializing in cosmetics, perfumes or hair products."
6003079311,450,미국,WASATCH PRODUCT DEVELOPMENT LLC,화장품 제조업,"Manufactures perfumes, cosmetics or other toilet preparations "
6001994896,450,미국,GILCHRIST AND SOAMES INC,화장품 제조업,"Manufactures perfumes, cosmetics and other toilet preparations"
6005401521,450,미국,HK KOLMAR USA LLC,화장품 제조업,"Manufactures perfumes, cosmetics and other toilet preparations"
6001943310,450,미국,PANGAEA HOLDINGS INC,화장품 및 화장용품 도매업,Wholesale of perfume and cosmetics
6003998102,450,미국,STARFACE WORLD INC,화장품 제조업,"Manufactures perfumes, cosmetics and other toilet preparation"
6001988412,450,미국,ESTEE LAUDER INC,화장품 제조업,"Manufactures perfumes, cosmetics or other toilet preparations"
6005386448,450,미국,BIOALKEMIA LLC,화장품 제조업,"Manufactures perfumes, cosmetics or other toilet preparations."
6005383138,450,미국,VEIL COSMETICS LP,의약품 도매업,"Wholesales drugs, proprietaries or sundries, specializing in cosmetics."
6003198458,450,미국,GOODIER COSMETICS LLC,화장품 제조업,"Manufactures perfumes, cosmetics and other toilet preparations"
6000784782,450,미국,KAYVA DISTRIBUTION LLC,화장품 제조업,"Manufactures perfumes, cosmetics or other toilet preparations "
6005360421,450,미국,NOHBO INC,포장 및 충전업,"Operates business services, specializing in assembling and packaging of cosmetic kits."
6001748755,450,미국,FAREVA MORTON GROVE INC,화장품 제조업,"Manufactures perfumes, cosmetics or other toilet
preparations"
6005347141,450,미국,SKIN WORLD US INC,화장품 및 화장용품 도매업,COSMETICS RETAIL & WHOLESALE
6005344295,450,미국,PURDORI L L C,"화장품, 비누 및 방향제 소매업",Retails cosmetics.
6002119002,450,미국,AWARE PRODUCTS LLC,화장품 제조업,"Manufactures perfumes, cosmetics and other toilet preparations"
6002129528,450,미국,APEX INTERNATIONAL MFG LLC,화장품 제조업,"Manufactures perfumes, cosmetics and other toilet preparations"
6005334583,450,미국,JM FLEETSALES INC,화장품 및 화장용품 도매업,HEALTH SUPPLEMENTS AND COSMETICS WHOLESALE & RETAIL
6005332109,450,미국,PURA SCENTS INC,화장품 제조업,"Manufactures perfumes, cosmetics and other toilet preparations"
6003004877,450,미국,KDC US HOLDINGS INC,화장품 제조업,"Manufactures perfumes, cosmetics and other toilet preparations"
6000378234,450,미국,A P DEAUVILLE LLC,화장품 제조업,"Manufactures perfumes, cosmetics and other toilet preparations,specializing in cosmetic preparations"
6000802270,450,미국,ARAMARA BEAUTY LLC,"화장품, 비누 및 방향제 소매업",Retails cosmetics
6003194495,450,미국,ASTRAL HEALTH AND BEAUTY INC,"화장품, 비누 및 방향제 소매업",Retails cosmetics 
6003099638,450,미국,BSG AESTHETICS SOLUTIONS CO CORPORATION,그 외 기타 종합 소매업,"Retails toiletries, cosmetics or perfumes"
6005319572,450,미국,LOOPS BEAUTY LLC,"화장품, 비누 및 방향제 소매업",Retails cosmetics
6005317294,450,미국,ISHTAR COSMETICS LLC,"화장품, 비누 및 방향제 소매업",Wholesale of perfume and cosmetics
6005316760,450,미국,LEVANA QUEEN INC,"화장품, 비누 및 방향제 소매업",Retail sale of cosmetic and toilet articles in specialised stores
6000192233,450,미국,SEPHORA USA  INC,"화장품, 비누 및 방향제 소매업",Retails cosmetics
2450112614,450,미국,THENAPPAN INTERNATIONAL INC,화장품 및 화장용품 도매업,Wholesale of perfume and cosmetics
6003192284,450,미국,WANDER BEAUTY INC,"화장품, 비누 및 방향제 소매업",Retail sale of cosmetic and toilet articles in specialised stores
6005306571,450,미국,KARBON BEAUTY LLC,"화장품, 비누 및 방향제 소매업",Retail sale of cosmetic and toilet articles in specialised stores
6001397066,450,미국,YES SALES INC   ,화장품 및 화장용품 도매업,"COSMETIC, APPAREL 도매 유통 "
6001424033,450,미국,PEACE OUT INC,화장품 제조업,"Manufactures perfumes, cosmetics and other toilet preparations"
6003108118,450,미국,FABFITFUN INC,"화장품, 비누 및 방향제 소매업",Retail sale of cosmetic and toilet articles in specialised stores
6000378233,450,미국,D D CHEMCO INC,화장품 및 화장용품 도매업,Wholesale of perfume and cosmetics
6001711009,450,미국,MAESA LLC,화장품 제조업,"Manufactures perfumes, cosmetics or other toilet preparations"
6005293957,450,미국,THE AVON COMPANY,화장품 및 화장용품 도매업,Wholesale of perfume and cosmetics
6005273658,450,미국,USA COSMETICS INC,화장품 및 화장용품 도매업,Wholesale of perfume and cosmetics
6005260712,450,미국,DREAMCATCHERS INTERNATIONAL INC,"화장품, 비누 및 방향제 소매업",Retail sale of cosmetic and toilet articles in specialised stores
6000472123,450,미국,INTERCOS AMERICA INC,화장품 제조업,"Manufactures perfumes, cosmetics or other toilet preparations"
6001726530,450,미국,FAROUK SYSTEMS INC,화장품 제조업,"Manufactures perfumes, cosmetics and other toilet preparations"
6002040360,450,미국,HAYAN COSMETICS INC,화장품 및 화장용품 도매업,COSMETICS
6002021856,450,미국,ROC OPCO LLC,"화장품, 비누 및 방향제 소매업",Retail sale of cosmetic and toilet articles in specialised stores
6001934295,450,미국,TRENDSFORMERS LIMITED LIABILITY COMPANY,화장품 제조업,manufacture and wholesale of perfume and cosmetics
6001086906,450,미국,FREDERICK HART CO INC,화장품 제조업,"Manufactures perfumes, cosmetics and other toilet
preparations"
6001866244,450,미국,SHINE 32 INC,화장품 및 화장용품 도매업,WHOLESALE OF COSMETICS
6001823781,450,미국,FABIN COREA,화장품 및 화장용품 도매업,engaged in wholesale distribution of cosmetics and make-up goods
6001819260,450,미국,BIOGENESIS INC,화장품 제조업,manufacturing of cosmetic products
6001756805,450,미국,ARCADIA BEAUTY LABS LLC,화장품 및 화장용품 도매업,Wholesale of perfume and cosmetics
6001693382,450,미국,FARSEDAKIS HOLDINGS LLC,화장품 및 화장용품 도매업,"Wholesales drugs, proprietaries or sundries, specializing
in cosmetics, perfumes or hair products.
"
6001678371,450,미국,SAMHWA USA INC,그 외 기타 상품 전문 도매업,COSMETIC PACKAGING
2450114012,450,미국,PACIFIC WORLD CORPORATION,화장품 제조업,"Manufactures perfumes, cosmetics and other toilet preparations"
6001627782,450,미국,TERMINAL015 INC,화장품 및 화장용품 도매업,COSMETICS
6001635269,450,미국,TATCHA LLC,"화장품, 비누 및 방향제 소매업",Retails cosmetics
6000465807,450,미국,ENGLEWOOD LAB INC,화장품 및 화장용품 도매업,COSMETICS
6001358995,450,미국,JK PRODUCTS INC,화장품 및 화장용품 도매업,COSMETIC PRODUCTS
6001564640,450,미국,DISPOSABLE HYGIENE LLC,화장품 제조업," Manufactures perfumes, cosmetics and other toilet preparations"
6001438105,450,미국,NOXELL CORPORATION ,화장품 제조업,"Manufactures perfumes, cosmetics and other toilet preparations"
6001426548,450,미국,I M MIMI INTERNATIONAL INC,"화장품, 비누 및 방향제 소매업",Retails cosmetics 
6000928159,450,미국,ULTA SALON COSMETICS AND FRAGRANCE INC,"화장품, 비누 및 방향제 소매업","Retails cosmetics, perfumes or colognes and hair care products"
6000456172,450,미국,JEMIAN USA INC,화장품 및 화장용품 도매업,COSMETICS
6001375123,450,미국,POSTQUAM U S A INC,화장품 제조업,"Manufactures perfumes, cosmetics or other toilet preparations"
6001155462,450,미국,BY COLOR CODE LLC   DBA CHEFLINE USA(CHEFLINE USA),화장품 및 화장용품 도매업,"COSMETICS, COOKWARE"
6001114386,450,미국,LORAC COSMETICS LLC ,그 외 기타 종합 소매업,Retails cosmetics and hair care products 
6001096892,450,미국,ANDALOU NATURALS,화장품 제조업," Manufactures perfumes, cosmetics and other toilet preparations"
6001080311,450,미국,JK POWELL LLC,화장품 제조업,"Manufactures perfumes, cosmetics or other toilet preparations"
6001080310,450,미국,RC COSMETIC LTD,화장품 제조업,"Manufactures perfumes, cosmetics or other toilet preparations"
6001037406,450,미국,CALIFORNIA EXCHANGE LLC,화장품 및 화장용품 도매업,Wholesale of perfume and cosmetics
6001015207,450,미국,DERIK INDUSTRIAL USA INC,화장품 제조업,"Manufactures perfumes, cosmetics and other toilet preparations"
6001007269,450,미국,TSF NY INC,화장품 및 화장용품 도매업,COSMETICS
6000979609,450,미국,DB MARKETING WITH INGENUITY INC,화장품 및 화장용품 도매업,Wholesale of perfume and cosmetics
6000722240,450,미국,D B BECKER MAROON,기타 화학물질 및 화학제품 도매업,"Distribution of adhesives, polyurethanes, construction, plastics, lubricants, cosmetics, along with additional allied markets"
6000129676,450,미국,COTY US LLC,화장품 제조업,"Manufactures perfumes, cosmetics and other toilet
preparations"
6000285081,450,미국,HER TRADING CORPORATION,화장품 및 화장용품 도매업,COSMETICS
6000943197,450,미국,3LAB INC,화장품 및 화장용품 도매업,COSMETICS
6000896913,450,미국,COSMESIS SKINCARE INC,화장품 제조업,"Manufactures perfumes, cosmetics and other toilet
preparations"
2450110585,450,미국,VERLA INTERNATIONAL LTD,화장품 제조업,"Manufactures perfumes, cosmetics or other toilet preparations
"
6000882500,450,미국,WELLSPRING SALES AND MARKETING INC  ,방문 판매업,Retails (through direct selling methods) cosmetics 
6000848385,450,미국,COSCENTRIX LLC ,화장품 제조업,"Manufactures perfumes, cosmetics or other toilet preparations
"
6000835272,450,미국,JLC INTERNATIONAL INC,화장품 및 화장용품 도매업,COSMETIC(SKIN CARE)
6000768798,450,미국,BIO NATURAL INC (BIOREPUBLIC SKINCARE),"화장품, 비누 및 방향제 소매업",Retails cosmetics 
6000764770,450,미국,COSMETIC ESSENCE LLC (C E I/COSMETIC ESSENCE INNOVATIONS),화장품 제조업,"Manufactures perfumes, cosmetics or other toilet preparations"
6000749291,450,미국,FAB SHOP NOW,"화장품, 비누 및 방향제 소매업",Retail sale of cosmetic and toilet articles in specialised stores
6000738749,450,미국,ALOE VERA OF CALIFORNIA INC,화장품 및 화장용품 도매업,Wholesale of perfume and cosmetics
6000704624,450,미국,KCP WHOLESALE DISTRIBUTORS LIMITED LIABILITY COMPANY (KCP WHOLESALE DISTRIBUTORS),화장품 및 화장용품 도매업,Wholesale of perfume and cosmetics
6000703097,450,미국,SARAH USA COSMETICS LLC,화장품 및 화장용품 도매업,Wholesale of cosmetics and related products
6000619248,450,미국,DIMENSIONAL MERCHANDISING INC (DMI),화장품 제조업,"Manufactures perfumes, cosmetics or other
toilet preparations"
6000591417,450,미국,ASPIRE BRANDS INC,"화장품, 비누 및 방향제 소매업","Retails toiletries, cosmetics or perfumes "
6000578484,450,미국,JEAN PIERRE INC (JEAN PIERRE COSMETICS),화장품 제조업,"Manufactures perfumes, cosmetics and other toilet preparations"
6000578490,450,미국,DAVION INC,화장품 제조업,"Manufactures perfumes, cosmetics or other toilet preparations and cosmetic preparations"
6000578483,450,미국,PROXIMA INC (NICKA K COSMETICS),화장품 제조업,COSMETICS
6000312199,450,미국,REVLON INC,화장품 제조업,MFG COSMETICS
2450121450,450,미국,ICHAUWAY MILLS (ATLANTIS ENTERPRISES),화장품 제조업,"perfumes, cosmetics or other toilet preparations"
2450118349,450,미국,TECHPACK AMERICA INC,그 외 기타 제품 제조업,PLASTIC & METAL COSMETIC
2450110671,450,미국,WORLDWIDE COSMETICS,상품 종합 도매업,COSMETICS
2450117166,450,미국,STEPHENS DALLAS (D H S PRODUCTS),그 외 기타 제품 제조업,"perfumes, cosmetics"
2450115125,450,미국,TOMA INDUSTRIES INC[AMERICAN WOMEN COSMETICS],화장품 제조업,COSMETICS & PERFUMES
2450113285,450,미국,KUPA INC,상품 종합 도매업,COSMETICS & DENTAL LABORATORY
6005387868,450,미국,FRECK YOURSELF INC,"화장품, 비누 및 방향제 소매업",Retails cosmetics.
6004008314,450,미국,MANA PRODUCTS INC,화장품 제조업,"Manufactures perfumes, cosmetics and other toilet preparations"
6001863759,450,미국,FOLLOW BEAUTY LLC,"화장품, 비누 및 방향제 소매업",Retail sale of cosmetic and toilet articles in specialised stores
6001744772,450,미국,F21 OPCO LLC,기타 의복 소매업,Retails women's clothing. Retails cosmetics
6001744760,450,미국,RILEY ROSE LLC ,"화장품, 비누 및 방향제 소매업",Retails cosmetics 
6001423255,450,미국,LA MADELINE COSMETICS LLC,화장품 및 화장용품 도매업,COSMETICS
2450116106,450,미국,NEXSTAR SALES,상품 종합 도매업,health are & cosmetic
2450115685,450,미국,CAPPLUS TECHNOLOGIES INC (CPT),상품 종합 도매업,"pharmaceutical, health, cosmetic packaging equipment"
2450112578,450,미국,AM PRODUCTS COMPANY INC,그 외 기타 제품 제조업,COSMETIC PREPARATIONS
6001769223,410,캐나다,INNOVATION FUTURE DE PREMIER PLAN INC,화장품 및 화장용품 도매업,"cosmetics, textile fabrics and accessories"
6005472833,410,캐나다,KIOKII INC,"화장품, 비누 및 방향제 소매업",Retail sale of cosmetic and toilet articles in specialised stores
6005353806,410,캐나다,NAKAMA TRADING LTD,화장품 및 화장용품 도매업,Wholesale of perfume and cosmetics
6003202554,410,캐나다,KORSMET INC,화장품 및 화장용품 도매업,Wholesale of perfume and cosmetics
6005461866,410,캐나다,7754353 CANADA INC,화장품 및 화장용품 도매업,Retail sale of cosmetic and toilet articles in specialised stores
6002126055,410,캐나다,L OREAL CANADA INC,화장품 제조업,Manufactures cosmetics
6000520905,410,캐나다,GROUPE MARCELLE INC,화장품 제조업,Manufactures cosmetics
6001381020,410,캐나다,KY TRADING LTD,화장품 및 화장용품 도매업,"Wholesales, cosmetics"
6003691086,410,캐나다,KO COS CANADA INC,화장품 및 화장용품 도매업,Wholesale of perfume and cosmetics
6005382930,410,캐나다,NEW FRONTIER GLOBAL LIMITED,화장품 및 화장용품 도매업,Wholesale of perfume and cosmetics
6005382927,410,캐나다,PENTA KARE LABS INC,화장품 및 화장용품 도매업,Wholesale of perfume and cosmetics
6005220527,410,캐나다,KDC ONE DEVELOPMENT CORPORATION INC,화장품 제조업,Manufactures cosmetics 
6005260715,410,캐나다,OPEN TECH MARKETS LP,기타 화학물질 및 화학제품 도매업,"wholesaling of cosmetics, sports nutrition, food supplements, chemicals and detergents"
6002136046,410,캐나다,SKINFIX INC,화장품 제조업,Manufactures cosmetics
6004357026,410,캐나다,8898251 CANADA INC ,화장품 및 화장용품 도매업,"Toiletries, cosmetics and sundries merchant wholesalers "
6000805291,410,캐나다,HOLLYWOOD ALLIANCE CANADA INC,"화장품, 비누 및 방향제 소매업",Retails cosmetics
6001985892,410,캐나다,ROYAL COSMETICS,전자상거래 소매업,"Online retail, Cosmetics, skincare products"
6001859342,410,캐나다,AVON CANADA INC,화장품 및 화장용품 도매업,"Cosmetics, skin care products, hair care products, gift items, lingerie, jewellery, perfumes, etc."
6001730466,410,캐나다,SHIFEON ENTERPRISES LTD,"화장품, 비누 및 방향제 소매업",Retails cosmetics 
6001611736,410,캐나다,COSMETIQUES FRANCE LAURE 1970 INC          ,화장품 및 화장용품 도매업,"Wholesales, cosmetics"
6001147443,410,캐나다,TOOCOO MEDIA INC,화장품 제조업,Manufactures cosmetics
6000928163,410,캐나다,SAINT COSMETICS INC,"화장품, 비누 및 방향제 소매업",Retails cosmetics
6000607550,410,캐나다,COSMETICA LABORATORIES INC,화장품 제조업,Manufactures cosmetics 
6000389198,410,캐나다,2130344 ONTARIO INC,"화장품, 비누 및 방향제 소매업",Ret-cosmetics
2410101800,410,캐나다,NORTHERN GROUP RETAIL LTD(NORHERN TRADITIONS),가전제품 수리업,cosmetics
6004052918,350,노르웨이,APINI AS,화장품 및 화장용품 도매업,Wholesale of perfume and cosmetics
6005381997,350,노르웨이,SOEL AS,화장품 및 화장용품 도매업,Wholesale of perfume and cosmetics
6001720428,350,노르웨이,NOR COSMETICS AS,화장품 및 화장용품 도매업,Wholesale of perfume and cosmetics
6000578597,350,노르웨이,ASPIRE BRANDS AS ,화장품 및 화장용품 도매업,"WHOLESALE OF PERFUME AND COSMETICS
"
6005381434,360,영국,SOKO HOUSE LIMITED,"화장품, 비누 및 방향제 소매업",Retail sale of cosmetic and toilet articles in specialised stores
6004047137,360,영국,TONIC15 LTD,"화장품, 비누 및 방향제 소매업",Retail sale of cosmetic and toilet articles in specialised stores
6002330339,360,영국,IMPERIAL BIOSCIENCE LTD,화장품 및 화장용품 도매업,Wholesale of perfume and cosmetics
6002079876,360,영국,SKIN2SEOUL LIMITED,"화장품, 비누 및 방향제 소매업",Retail sale of cosmetic and toilet articles in specialised stores 
6001724429,360,영국,REVOLUTION BEAUTY LIMITED,화장품 및 화장용품 도매업,Wholesalers of cosmetics
6001567692,360,영국,KOR COSMETICS LTD,화장품 및 화장용품 도매업,Wholesale of perfume and cosmetics
6001064378,360,영국,IMPULSE GLOBAL SOLUTIONS LIMITED,화장품 및 화장용품 도매업,WHOLESALE OF PERFUME AND COSMETICS
6004016386,360,영국,MADE BY NATURE LIMITED,"화장품, 비누 및 방향제 소매업",Retail sale of cosmetic and toilet articles in specialised stores
6002134692,360,영국,PRICECHECK TOILETRIES LIMITED,화장품 및 화장용품 도매업,Wholesale of perfume and cosmetics
6004275436,360,영국,DMG WHOLESALE LIMITED,화장품 및 화장용품 도매업,Wholesale of perfume and cosmetics
6005406909,360,영국,SAVERS HEALTH AND BEAUTY LIMITED,"화장품, 비누 및 방향제 소매업",Retail sale of cosmetic and toilet articles in specialised stores
6002478528,360,영국,PURESEOUL LTD,"화장품, 비누 및 방향제 소매업",Retail sale of cosmetic and toilet articles in specialised stores
6005460262,360,영국,PHARMA OASIS LTD,화장품 및 화장용품 도매업,Wholesale of perfume and cosmetics
6001673258,360,영국,BEAUTY BAY LIMITED,"화장품, 비누 및 방향제 소매업",Retail sale of cosmetic and toilet articles in specialised stores
6003237902,360,영국,CHARLOTTE TILBURY BEAUTY LIMITED,"화장품, 비누 및 방향제 소매업",Retail sale of cosmetic and toilet articles in specialised stores
6005409535,360,영국,POPMASK LTD,"화장품, 비누 및 방향제 소매업",Retail sale of cosmetic and toilet articles in specialised stores
6005398699,360,영국,ALMORA BOTANICA UK LTD,화장품 및 화장용품 도매업,Wholesale of perfume and cosmetics
6005395701,360,영국,ELITE AESTHETICS DISTRIBUTION LTD,화장품 및 화장용품 도매업,Wholesale of perfume and cosmetics
6003093555,360,영국,PIXI LIMITED,"화장품, 비누 및 방향제 소매업",Retail sale of cosmetic and toilet articles in specialised stores
6005385027,360,영국,BEAUTY LABS GROUP LTD,화장품 및 화장용품 도매업,Wholesale of perfume and cosmetics
6002280059,360,영국,BRAND EVANGELISTS FOR BEAUTY LIMITED,화장품 및 화장용품 도매업,Wholesale of perfume and cosmetics
6002575002,360,영국,REFY BEAUTY LTD,화장품 및 화장용품 도매업,Wholesale of perfume and cosmetics
6002532451,360,영국,ZAINAB LIMITED,화장품 및 화장용품 도매업,Wholesale of perfume and cosmetics
6003243399,360,영국,NPS DISTRIBUTORS LIMITED,"화장품, 비누 및 방향제 소매업","Retail sale of cosmetic and toilet articles in specialised
stores"
6002113981,360,영국,VIOELL LTD,"화장품, 비누 및 방향제 소매업","Retail sale of cosmetic and toilet articles in specialised stores
"
6001433107,360,영국,COTY MANUFACTURING UK LIMITED,화장품 제조업,Manufacturers The Manufacture and Inter-Company Distribution of Cosmetics
6000203988,360,영국,ASTON CHEMICALS LIMITED,화장품 및 화장용품 도매업,"DISTRIBUTORS THE SALE AND DISTRIBUTION OF SPECIALIST CHEMICAL INGREDIENTS FOR THE COSMETIC,
TOILETRY AND PHARMACEUTICAL INDUSTRIES."
6001783229,360,영국,RAKEM LIMITED,"염료, 안료 및 관련제품 도매업","THE SALE OF WHITE PIGMENTS AND FILLERS FOR PLANT, TEXTILE FIBRES, RUBBER, PHARMACEUTICALS,
COSMETICS, PAPER, INKS AND OTHER APPLICATIONS."
6001752436,360,영국,LUMIERE COSMETICS LTD,화장품 제조업,PERFUME & COSMETIC MANUFACTURERS
6001147480,360,영국,BEAUTIVATE LTD,화장품 및 화장용품 도매업,Wholesale of perfume and cosmetics
6001629034,360,영국,MONOTRADE LIMITED,화장품 및 화장용품 도매업,"WHOLESALERS OF BRANDED COSMETICS, MAKE UP AND TOILETRIES"
6001402704,360,영국,F D D INTERNATIONAL LIMITED,화장품 및 화장용품 도매업,Wholesale of perfume and cosmetics
6001377113,360,영국,FOAM AND SUBSTANCE LIMITED,"패션, 섬유류 및 기타 전문 디자인업",PRODUCT DESIGN AND LICENING OF COSMETIC PRODUCTS
6001077399,360,영국,TFS BUYING LIMITED,"화장품, 비누 및 방향제 소매업",Retail sale of cosmetic and toilet articles in specialised stores
6001065974,360,영국,THE FRAGRANCE SHOP LIMITED,"화장품, 비누 및 방향제 소매업",Retail sale of cosmetic and toilet articles in specialised stores
6000922124,360,영국,FAKE BAKE UNITED LTD  ,화장품 및 화장용품 도매업,Wholesale of perfume and cosmetics 
6000919622,360,영국,BEAUTYPRO LTD ,화장품 및 화장용품 도매업,Wholesale of perfume and cosmetics 
6000882490,360,영국,ASTON AND FINCHER LIMITED,화장품 및 화장용품 도매업,Wholesale of perfume and cosmetics
6000633488,360,영국,NORTH WEST COSMETICS LIMITED,화장품 및 화장용품 도매업,Wholesalers of cosmetics and perfumes.
2360104092,360,영국,D P T WEAR LIMITED,화장품 제조업,A group engaged in the manufacture and distribution of cloths and cosmetics.
6000578505,360,영국,BRODIE AND STONE INTERNATIONAL PLC,화장품 및 화장용품 도매업,The sale and marketing of personal care and cosmetic products.
6000146677,360,영국,BRODIE AND STONE HOLDINGS PLC,"화장품, 비누 및 방향제 소매업",A group engaged in the sale and marketing of personal care and cosmetic products.
2360102127,360,영국,T AND S ACCESSORIES LIMITED,상품 종합 도매업,Wholesalers of cosmetics & hairbrushes to the larger retail stores.
2360103156,360,영국,VIRGIN VIE AT HOME LIMITED,상품 종합 도매업,"Virgin branded products including cosmetics, toiletries and jewellery."
2360103571,360,영국,J K LONDON LIMITED (J K LONDON NAIL AND BEAUTY),의약품 도매업,cosmetics
2360102330,360,영국,ELIZABETH FRENCH PLC,그 외 기타 제품 제조업,COSMETIC
6005347170,360,영국,LOTTIE LONDON LIMITED,화장품 및 화장용품 도매업,Wholesale of perfume and cosmetics
6004035674,360,영국,G R AND M M BLACKLEDGE PLC,"화장품, 비누 및 방향제 소매업",Retail sale of cosmetic and toilet articles in specialised stores
6002210798,360,영국,BRAND AGENCY LONDON LIMITED,화장품 및 화장용품 도매업,Wholesale of perfume and cosmetics
2360103833,360,영국,FINE LINES (UK) LIMITED,그 외 기타 종합 소매업,Retail sale of cosmetic and toilet articles
2360103815,360,영국,MILLENNIUM NAILS LIMITED,의약품 도매업,Wholesale of perfume and cosmetic
2360102329,360,영국,MEDICAL EXPRESS(UK) LTD.,그 외 기타 제품 제조업,COSMETIC
2360102086,360,영국,ART DECO LTD,"연료, 광물, 1차 금속, 비료 및 화학제품 중개업",COSMETICS
6001762666,370,슬로베니아,WOSS PROIZVODNJA IN TRGOVINA D O O,화장품 및 화장용품 도매업,Wholesale of perfume and cosmetics
6001049908,370,슬로베니아,MATIVA TRADE LTD(MATIVA LTD),화장품 및 화장용품 도매업,Wholesale of perfume and cosmetics
6003199868,320,핀란드,NBI NORDIC BEAUTY IMPORT OY,화장품 및 화장용품 도매업,Wholesale of perfume and cosmetics
6001359937,320,핀란드,NATCOS OY (EKOLIFE / NATCOS NORDIC / ORGANIC BEAUTY HOUSE HELSINKI / THE NATURAL GOODS COMPANY HELSINKI),화장품 및 화장용품 도매업,Wholesale of perfume and cosmetics
