record_type,source_dataset,source_file,source_row_no,title,normalized_name,country_raw,country_norm,country_iso3,hs_code_raw,hs_code_norm,keywords_raw,keywords_norm,has_contact,contact_name,contact_email,contact_phone,contact_website,valid_until
buyer_candidate,중소벤처기업진흥공단_GoBizKorea구매오퍼,해외바이어구매오퍼_20241231,1,싱가포르 바이어가 브랜드 화장품 공급업체를 찾고 계십니다.,,싱가포르,싱가포르,,,,싱가포르 바이어가 브랜드 화장품 공급업체를 찾고 계십니다. | 건강 및 미용 (Health & Beauty),싱가포르 바이어가 브랜드 화장품 공급업체를 찾고 계십니다. | 건강 및 미용 (health & beauty),False,,,,,2024-01-31
buyer_candidate,중소벤처기업진흥공단_GoBizKorea구매오퍼,해외바이어구매오퍼_20241231,2,싱가포르바이어가 &quot;OEM/ODM 세럼&quot; 제조공급업체를 찾고 계십니다.,,싱가포르,싱가포르,,,,싱가포르바이어가 &quot;OEM/ODM 세럼&quot; 제조공급업체를 찾고 계십니다. | 건강 및 미용 (Health & Beauty),싱가포르바이어가 &quot;oem/odm 세럼&quot; 제조공급업체를 찾고 계십니다. | 건강 및 미용 (health & beauty),False,,,,,2024-01-18
buyer_candidate,중소벤처기업진흥공단_GoBizKorea구매오퍼,해외바이어구매오퍼_20241231,4,"싱가포르 바이어가 페이스 세럼, 페이스 크림 공급 업체를 찾고 있습니다.",,싱가포르,싱가포르,,,,"싱가포르 바이어가 페이스 세럼, 페이스 크림 공급 업체를 찾고 있습니다. | 건강 및 미용 (Health & Beauty)","싱가포르 바이어가 페이스 세럼, 페이스 크림 공급 업체를 찾고 있습니다. | 건강 및 미용 (health & beauty)",False,,,,,2024-01-15
buyer_candidate,중소벤처기업진흥공단_GoBizKorea구매오퍼,해외바이어구매오퍼_20241231,6,방글라데시 바이어가 에센셜 오일을 찾고 있습니다,,방글라데시,방글라데시,,,,"방글라데시 바이어가 에센셜 오일을 찾고 있습니다 | 기계, 화학, 고무 및 플라스틱 (Metallurgy, Chemicals, Rubber & Plastics)","방글라데시 바이어가 에센셜 오일을 찾고 있습니다 | 기계, 화학, 고무 및 플라스틱 (metallurgy, chemicals, rubber & plastics)",False,,,,,2024-02-19
buyer_candidate,중소벤처기업진흥공단_GoBizKorea구매오퍼,해외바이어구매오퍼_20241231,7,네팔 바이어가 페이셜크림(facial cream) 제품을 찾고 있습니다,,네팔,네팔,,,,네팔 바이어가 페이셜크림(facial cream) 제품을 찾고 있습니다 | 건강 및 미용 (Health & Beauty),네팔 바이어가 페이셜크림(facial cream) 제품을 찾고 있습니다 | 건강 및 미용 (health & beauty),False,,,,,2024-01-10
buyer_candidate,중소벤처기업진흥공단_GoBizKorea구매오퍼,해외바이어구매오퍼_20241231,9,사우디아라비아 바이어가 filler 제조사를 찾고 있습니다.,,사우디아라비아,사우디아라비아,,,,사우디아라비아 바이어가 filler 제조사를 찾고 있습니다. | 건강 및 미용 (Health & Beauty),사우디아라비아 바이어가 filler 제조사를 찾고 있습니다. | 건강 및 미용 (health & beauty),False,,,,,2024-01-26
buyer_candidate,중소벤처기업진흥공단_GoBizKorea구매오퍼,해외바이어구매오퍼_20241231,12,말레이시아 바이어가 여드름성 피부 및 민감성 피부 개선 제품 공급업체를 찾고 있습니다.,,말레이시아,말레이시아,,,,말레이시아 바이어가 여드름성 피부 및 민감성 피부 개선 제품 공급업체를 찾고 있습니다. | 건강 및 미용 (Health & Beauty),말레이시아 바이어가 여드름성 피부 및 민감성 피부 개선 제품 공급업체를 찾고 있습니다. | 건강 및 미용 (health & beauty),False,,,,,2024-01-18
buyer_candidate,중소벤처기업진흥공단_GoBizKorea구매오퍼,해외바이어구매오퍼_20241231,16,"온라인몰을 운영하는 방글라데시 바이어가 리빙, 펫, 건강, 뷰티(Libing, Pet, Health, Beauty)관련된 제품을 찾고 있습니다.",,방글라데시,방글라데시,,,,"온라인몰을 운영하는 방글라데시 바이어가 리빙, 펫, 건강, 뷰티(Libing, Pet, Health, Beauty)관련된 제품을 찾고 있습니다. | 건강 및 미용 (Health & Beauty)","온라인몰을 운영하는 방글라데시 바이어가 리빙, 펫, 건강, 뷰티(libing, pet, health, beauty)관련된 제품을 찾고 있습니다. | 건강 및 미용 (health & beauty)",False,,,,,2024-01-25
buyer_candidate,중소벤처기업진흥공단_GoBizKorea구매오퍼,해외바이어구매오퍼_20241231,17,"미국 바이어가 중저가 스킨케어, 헤어케어 제조 업체를 찾고 있습니다.",,미국,미국,,,,"미국 바이어가 중저가 스킨케어, 헤어케어 제조 업체를 찾고 있습니다. | 건강 및 미용 (Health & Beauty)","미국 바이어가 중저가 스킨케어, 헤어케어 제조 업체를 찾고 있습니다. | 건강 및 미용 (health & beauty)",False,,,,,2024-01-17
buyer_candidate,중소벤처기업진흥공단_GoBizKorea구매오퍼,해외바이어구매오퍼_20241231,19,이란 바이어가 &apos;자가혈소판풍부혈장치료술 키트(PRP(Platelet-Rich Plasma) kit)&apos; 공급업체를 찾고 있습니다.,,이란,이란,,,,이란 바이어가 &apos;자가혈소판풍부혈장치료술 키트(PRP(Platelet-Rich Plasma) kit)&apos; 공급업체를 찾고 있습니다. | 건강 및 미용 (Health & Beauty),이란 바이어가 &apos;자가혈소판풍부혈장치료술 키트(prp(platelet-rich plasma) kit)&apos; 공급업체를 찾고 있습니다. | 건강 및 미용 (health & beauty),False,,,,,2024-02-21
buyer_candidate,중소벤처기업진흥공단_GoBizKorea구매오퍼,해외바이어구매오퍼_20241231,20,미국 바이어가 &apos;에세틱샵용 프로페셔널 스킨케어 라인&apos; 제품을 찾고 있습니다.,,미국,미국,,,,미국 바이어가 &apos;에세틱샵용 프로페셔널 스킨케어 라인&apos; 제품을 찾고 있습니다. | 건강 및 미용 (Health & Beauty),미국 바이어가 &apos;에세틱샵용 프로페셔널 스킨케어 라인&apos; 제품을 찾고 있습니다. | 건강 및 미용 (health & beauty),False,,,,,2024-02-14
buyer_candidate,중소벤처기업진흥공단_GoBizKorea구매오퍼,해외바이어구매오퍼_20241231,21,영국 바이어가 &apos;아이크림세럼 30ml &apos; 제품을 찾고 있습니다.,,영국,영국,,,,영국 바이어가 &apos;아이크림세럼 30ml &apos; 제품을 찾고 있습니다. | 건강 및 미용 (Health & Beauty),영국 바이어가 &apos;아이크림세럼 30ml &apos; 제품을 찾고 있습니다. | 건강 및 미용 (health & beauty),False,,,,,2024-01-24
buyer_candidate,중소벤처기업진흥공단_GoBizKorea구매오퍼,해외바이어구매오퍼_20241231,22,"잠비아 바이어가 썬크림, 스킨케어 제품 등을 찾습니다.",,잠비아,잠비아,,,,"잠비아 바이어가 썬크림, 스킨케어 제품 등을 찾습니다. | 건강 및 미용 (Health & Beauty)","잠비아 바이어가 썬크림, 스킨케어 제품 등을 찾습니다. | 건강 및 미용 (health & beauty)",False,,,,,2024-01-23
buyer_candidate,중소벤처기업진흥공단_GoBizKorea구매오퍼,해외바이어구매오퍼_20241231,23,이집트 바이어가 동결건조주사 (Lyophilized Injection) 제조사를 찾습니다.,,이집트,이집트,,,,이집트 바이어가 동결건조주사 (Lyophilized Injection) 제조사를 찾습니다. | 건강 및 미용 (Health & Beauty),이집트 바이어가 동결건조주사 (lyophilized injection) 제조사를 찾습니다. | 건강 및 미용 (health & beauty),False,,,,,2024-01-29
buyer_candidate,중소벤처기업진흥공단_GoBizKorea구매오퍼,해외바이어구매오퍼_20241231,26,미국바이어가 피부관리기구/기기 (Skincare tool &amp; Device) 제조공급업체를 찾고 계십니다.,,미국,미국,,,,미국바이어가 피부관리기구/기기 (Skincare tool &amp; Device) 제조공급업체를 찾고 계십니다. | 건강 및 미용 (Health & Beauty),미국바이어가 피부관리기구/기기 (skincare tool &amp; device) 제조공급업체를 찾고 계십니다. | 건강 및 미용 (health & beauty),False,,,,,2024-02-02
buyer_candidate,중소벤처기업진흥공단_GoBizKorea구매오퍼,해외바이어구매오퍼_20241231,27,"싱가포르 바이어가 미용에 활용되는 리도카인 (Llidocaine) 국소마취제품(크림,젤,스프레이타입, anesthesia numbing cream/gel/spray)을 찾고 있습니다.",,싱가포르,싱가포르,,,,"싱가포르 바이어가 미용에 활용되는 리도카인 (Llidocaine) 국소마취제품(크림,젤,스프레이타입, anesthesia numbing cream/gel/spray)을 찾고 있습니다. | 건강 및 미용 (Health & Beauty)","싱가포르 바이어가 미용에 활용되는 리도카인 (llidocaine) 국소마취제품(크림,젤,스프레이타입, anesthesia numbing cream/gel/spray)을 찾고 있습니다. | 건강 및 미용 (health & beauty)",False,,,,,2024-02-02
buyer_candidate,중소벤처기업진흥공단_GoBizKorea구매오퍼,해외바이어구매오퍼_20241231,28,캐나다 바이어가 스킨케어 클린징 워터(Cleansing) 제품을 찾고 있습니다.,,캐나다,캐나다,,,,캐나다 바이어가 스킨케어 클린징 워터(Cleansing) 제품을 찾고 있습니다. | 건강 및 미용 (Health & Beauty),캐나다 바이어가 스킨케어 클린징 워터(cleansing) 제품을 찾고 있습니다. | 건강 및 미용 (health & beauty),False,,,,,2024-01-26
buyer_candidate,중소벤처기업진흥공단_GoBizKorea구매오퍼,해외바이어구매오퍼_20241231,32,미얀마 바이어가 흉터 연고 (Scar Gel or Cream)를 찾고 있습니다.,,미얀마,미얀마,,,,미얀마 바이어가 흉터 연고 (Scar Gel or Cream)를 찾고 있습니다. | 건강 및 미용 (Health & Beauty),미얀마 바이어가 흉터 연고 (scar gel or cream)를 찾고 있습니다. | 건강 및 미용 (health & beauty),False,,,,,2024-01-31
buyer_candidate,중소벤처기업진흥공단_GoBizKorea구매오퍼,해외바이어구매오퍼_20241231,33,"이란 바이어가 병원용 양압기(CPAP, BiPAP),  산소발생기 (Oxygen Concentrator)공급사를 찾고 있습니다.",,이란,이란,,,,"이란 바이어가 병원용 양압기(CPAP, BiPAP),  산소발생기 (Oxygen Concentrator)공급사를 찾고 있습니다. | 건강 및 미용 (Health & Beauty)","이란 바이어가 병원용 양압기(cpap, bipap),  산소발생기 (oxygen concentrator)공급사를 찾고 있습니다. | 건강 및 미용 (health & beauty)",False,,,,,2024-02-29
buyer_candidate,중소벤처기업진흥공단_GoBizKorea구매오퍼,해외바이어구매오퍼_20241231,34,이란  바이어가 얼굴과 바디용 필러 및 보톡스 (Filler and Botox) 공급사를 찾고 있습니다.,,이란,이란,,,,이란  바이어가 얼굴과 바디용 필러 및 보톡스 (Filler and Botox) 공급사를 찾고 있습니다. | 건강 및 미용 (Health & Beauty),이란  바이어가 얼굴과 바디용 필러 및 보톡스 (filler and botox) 공급사를 찾고 있습니다. | 건강 및 미용 (health & beauty),False,,,,,2024-02-29
buyer_candidate,중소벤처기업진흥공단_GoBizKorea구매오퍼,해외바이어구매오퍼_20241231,35,"미국 바이어가 페이셜 모이스쳐라이저/세럼(Moisturizer/Serum), 토너 패드(Toner Pads), 멀티밤 스틱(Multi Balm Stick) 제품을 찾고 있습니다.",,미국,미국,,,,"미국 바이어가 페이셜 모이스쳐라이저/세럼(Moisturizer/Serum), 토너 패드(Toner Pads), 멀티밤 스틱(Multi Balm Stick) 제품을 찾고 있습니다. | 건강 및 미용 (Health & Beauty)","미국 바이어가 페이셜 모이스쳐라이저/세럼(moisturizer/serum), 토너 패드(toner pads), 멀티밤 스틱(multi balm stick) 제품을 찾고 있습니다. | 건강 및 미용 (health & beauty)",False,,,,,2024-02-08
buyer_candidate,중소벤처기업진흥공단_GoBizKorea구매오퍼,해외바이어구매오퍼_20241231,37,미국 바이어가 &apos;글라스네일 샤이너 (glass nail polisher)&apos;제품을 찾고 있습니다.,,미국,미국,,,,미국 바이어가 &apos;글라스네일 샤이너 (glass nail polisher)&apos;제품을 찾고 있습니다. | 건강 및 미용 (Health & Beauty),미국 바이어가 &apos;글라스네일 샤이너 (glass nail polisher)&apos;제품을 찾고 있습니다. | 건강 및 미용 (health & beauty),False,,,,,2024-02-02
buyer_candidate,중소벤처기업진흥공단_GoBizKorea구매오퍼,해외바이어구매오퍼_20241231,38,미국 바이어기 분자 하이드로겐 스킨케어제품 (Molecular Hydrogen Skincare Product) 제조공급사를 찾고 계십니다.,,미국,미국,,,,미국 바이어기 분자 하이드로겐 스킨케어제품 (Molecular Hydrogen Skincare Product) 제조공급사를 찾고 계십니다. | 건강 및 미용 (Health & Beauty),미국 바이어기 분자 하이드로겐 스킨케어제품 (molecular hydrogen skincare product) 제조공급사를 찾고 계십니다. | 건강 및 미용 (health & beauty),False,,,,,2024-02-09
buyer_candidate,중소벤처기업진흥공단_GoBizKorea구매오퍼,해외바이어구매오퍼_20241231,39,"미국바이어가 마이크로니들패치, 페이셜마스크팩 (Microneedling &amp; Facial Sheet Mask) 제조공급업체를 찾고 계십니다.",,미국,미국,,,,"미국바이어가 마이크로니들패치, 페이셜마스크팩 (Microneedling &amp; Facial Sheet Mask) 제조공급업체를 찾고 계십니다. | 건강 및 미용 (Health & Beauty)","미국바이어가 마이크로니들패치, 페이셜마스크팩 (microneedling &amp; facial sheet mask) 제조공급업체를 찾고 계십니다. | 건강 및 미용 (health & beauty)",False,,,,,2024-02-14
buyer_candidate,중소벤처기업진흥공단_GoBizKorea구매오퍼,해외바이어구매오퍼_20241231,40,아랍에미리트 바이어가 치과용 임플란트 (Implant) 제조 공급업체를 찾고 계십니다.,,아랍에미리트,아랍에미리트,,,,아랍에미리트 바이어가 치과용 임플란트 (Implant) 제조 공급업체를 찾고 계십니다. | 건강 및 미용 (Health & Beauty),아랍에미리트 바이어가 치과용 임플란트 (implant) 제조 공급업체를 찾고 계십니다. | 건강 및 미용 (health & beauty),False,,,,,2024-02-26
buyer_candidate,중소벤처기업진흥공단_GoBizKorea구매오퍼,해외바이어구매오퍼_20241231,41,"싱가포르 바이어가 유자 주스, 껍질(Yuzu juice, peels) 공급 업체를 찾고 있습니다.",,싱가포르,싱가포르,,,,"싱가포르 바이어가 유자 주스, 껍질(Yuzu juice, peels) 공급 업체를 찾고 있습니다. | 농업 및 식품 (Agriculture & Food)","싱가포르 바이어가 유자 주스, 껍질(yuzu juice, peels) 공급 업체를 찾고 있습니다. | 농업 및 식품 (agriculture & food)",False,,,,,2024-02-08
buyer_candidate,중소벤처기업진흥공단_GoBizKorea구매오퍼,해외바이어구매오퍼_20241231,42,"미얀마 바이어가 현지 병원에 납품가능한 혁신 체외진단 의료기기 제품(IVD, In vitro Diagnostic)을 찾고 있습니다.",,미얀마,미얀마,,,,"미얀마 바이어가 현지 병원에 납품가능한 혁신 체외진단 의료기기 제품(IVD, In vitro Diagnostic)을 찾고 있습니다. | 건강 및 미용 (Health & Beauty)","미얀마 바이어가 현지 병원에 납품가능한 혁신 체외진단 의료기기 제품(ivd, in vitro diagnostic)을 찾고 있습니다. | 건강 및 미용 (health & beauty)",False,,,,,2024-02-09
buyer_candidate,중소벤처기업진흥공단_GoBizKorea구매오퍼,해외바이어구매오퍼_20241231,48,브라질 바이어가 색조 메이크업 제품을 찾고 있습니다.,,브라질,브라질,,,,브라질 바이어가 색조 메이크업 제품을 찾고 있습니다. | 건강 및 미용 (Health & Beauty),브라질 바이어가 색조 메이크업 제품을 찾고 있습니다. | 건강 및 미용 (health & beauty),False,,,,,2024-02-14
buyer_candidate,중소벤처기업진흥공단_GoBizKorea구매오퍼,해외바이어구매오퍼_20241231,52,"미국바이어가 마이크로니들링 앰플 (브라이트닝, 엑소좀, 발모,  EFG 펩타이드 링클케어, 스템 셀, 여드름 감소, 비타민 C, 히알루론 액시드용) 제조공급업체를 찾고 계십니다.",,미국,미국,,,,"미국바이어가 마이크로니들링 앰플 (브라이트닝, 엑소좀, 발모,  EFG 펩타이드 링클케어, 스템 셀, 여드름 감소, 비타민 C, 히알루론 액시드용) 제조공급업체를 찾고 계십니다. | 건강 및 미용 (Health & Beauty)","미국바이어가 마이크로니들링 앰플 (브라이트닝, 엑소좀, 발모,  efg 펩타이드 링클케어, 스템 셀, 여드름 감소, 비타민 c, 히알루론 액시드용) 제조공급업체를 찾고 계십니다. | 건강 및 미용 (health & beauty)",False,,,,,2024-02-26
buyer_candidate,중소벤처기업진흥공단_GoBizKorea구매오퍼,해외바이어구매오퍼_20241231,53,독일 바이어가 &apos;CPNP 인증 획득한 가정용 매니큐어(Nail polish with CPNP for home usage only)&apos; 제품 찾고 있습니다.,,독일,독일,,,,독일 바이어가 &apos;CPNP 인증 획득한 가정용 매니큐어(Nail polish with CPNP for home usage only)&apos; 제품 찾고 있습니다. | 건강 및 미용 (Health & Beauty),독일 바이어가 &apos;cpnp 인증 획득한 가정용 매니큐어(nail polish with cpnp for home usage only)&apos; 제품 찾고 있습니다. | 건강 및 미용 (health & beauty),False,,,,,2024-04-12
buyer_candidate,중소벤처기업진흥공단_GoBizKorea구매오퍼,해외바이어구매오퍼_20241231,54,미얀마 바이어가 치과용 주사침 (Dental Needle) 공급사를 찾고 있습니다.,,미얀마,미얀마,,,,미얀마 바이어가 치과용 주사침 (Dental Needle) 공급사를 찾고 있습니다. | 건강 및 미용 (Health & Beauty),미얀마 바이어가 치과용 주사침 (dental needle) 공급사를 찾고 있습니다. | 건강 및 미용 (health & beauty),False,,,,,2024-02-27
buyer_candidate,중소벤처기업진흥공단_GoBizKorea구매오퍼,해외바이어구매오퍼_20241231,55,몽골 바이어가 외과용 일회용  PPH Stapler의 공급사를 찾고 있습니다.,,몽골,몽골,,,,몽골 바이어가 외과용 일회용  PPH Stapler의 공급사를 찾고 있습니다. | 건강 및 미용 (Health & Beauty),몽골 바이어가 외과용 일회용  pph stapler의 공급사를 찾고 있습니다. | 건강 및 미용 (health & beauty),False,,,,,2024-03-29
buyer_candidate,중소벤처기업진흥공단_GoBizKorea구매오퍼,해외바이어구매오퍼_20241231,56,몽골 바이어가  병원 납품용 스킨 부스터 (Skin booster)공급사를 찾고 있습니다.,,몽골,몽골,,,,몽골 바이어가  병원 납품용 스킨 부스터 (Skin booster)공급사를 찾고 있습니다. | 건강 및 미용 (Health & Beauty),몽골 바이어가  병원 납품용 스킨 부스터 (skin booster)공급사를 찾고 있습니다. | 건강 및 미용 (health & beauty),False,,,,,2024-02-22
buyer_candidate,중소벤처기업진흥공단_GoBizKorea구매오퍼,해외바이어구매오퍼_20241231,57,독일 바이어가 &apos;CPNP 인증 획득한 메이크업 브랜드(Make up brand with CPNP)&apos; 제품을 찾고 있습니다.,,독일,독일,,,,독일 바이어가 &apos;CPNP 인증 획득한 메이크업 브랜드(Make up brand with CPNP)&apos; 제품을 찾고 있습니다. | 건강 및 미용 (Health & Beauty),독일 바이어가 &apos;cpnp 인증 획득한 메이크업 브랜드(make up brand with cpnp)&apos; 제품을 찾고 있습니다. | 건강 및 미용 (health & beauty),False,,,,,2024-04-30
buyer_candidate,중소벤처기업진흥공단_GoBizKorea구매오퍼,해외바이어구매오퍼_20241231,59,베트남 바이어가 일반 여성용 생리대 공급업체를 찾고 있습니다.,,베트남,베트남,,,,베트남 바이어가 일반 여성용 생리대 공급업체를 찾고 있습니다. | 건강 및 미용 (Health & Beauty),베트남 바이어가 일반 여성용 생리대 공급업체를 찾고 있습니다. | 건강 및 미용 (health & beauty),False,,,,,2024-07-30
buyer_candidate,중소벤처기업진흥공단_GoBizKorea구매오퍼,해외바이어구매오퍼_20241231,61,미국 바이어가 KF94 마스크 공급업체를 찾고 있습니다.,,미국,미국,,,,미국 바이어가 KF94 마스크 공급업체를 찾고 있습니다. | 건강 및 미용 (Health & Beauty),미국 바이어가 kf94 마스크 공급업체를 찾고 있습니다. | 건강 및 미용 (health & beauty),False,,,,,2024-03-04
buyer_candidate,중소벤처기업진흥공단_GoBizKorea구매오퍼,해외바이어구매오퍼_20241231,62,뉴질랜드 바이어가 클렌징 패드를  프라이빗 라벨로  공급 가능한  기업을 찾습니다.,,뉴질랜드,뉴질랜드,,,,뉴질랜드 바이어가 클렌징 패드를  프라이빗 라벨로  공급 가능한  기업을 찾습니다. | 건강 및 미용 (Health & Beauty),뉴질랜드 바이어가 클렌징 패드를  프라이빗 라벨로  공급 가능한  기업을 찾습니다. | 건강 및 미용 (health & beauty),False,,,,,2024-03-12
buyer_candidate,중소벤처기업진흥공단_GoBizKorea구매오퍼,해외바이어구매오퍼_20241231,63,"싱가포르 소규모 유통바이어가 화이트닝, 안티에이징(Whitening, Anti-aging) 기능성 스킨케어 제품을 찾고 있습니다.",,싱가포르,싱가포르,,,,"싱가포르 소규모 유통바이어가 화이트닝, 안티에이징(Whitening, Anti-aging) 기능성 스킨케어 제품을 찾고 있습니다. | 건강 및 미용 (Health & Beauty)","싱가포르 소규모 유통바이어가 화이트닝, 안티에이징(whitening, anti-aging) 기능성 스킨케어 제품을 찾고 있습니다. | 건강 및 미용 (health & beauty)",False,,,,,2024-03-07
buyer_candidate,중소벤처기업진흥공단_GoBizKorea구매오퍼,해외바이어구매오퍼_20241231,65,말레이시아 바이어가 기초 스킨케어 제품(Basic skincare products) 공급자를 찾고 있습니다.,,말레이시아,말레이시아,,,,말레이시아 바이어가 기초 스킨케어 제품(Basic skincare products) 공급자를 찾고 있습니다. | 건강 및 미용 (Health & Beauty),말레이시아 바이어가 기초 스킨케어 제품(basic skincare products) 공급자를 찾고 있습니다. | 건강 및 미용 (health & beauty),False,,,,,2024-03-07
buyer_candidate,중소벤처기업진흥공단_GoBizKorea구매오퍼,해외바이어구매오퍼_20241231,66,"홍콩 바이어가 &apos;기능성 화장품(병풀[centella asiatica]성분 필수, 피부재생 탁월 &amp; 강력한 보습력) 제품을 찾고 있습니다.",,홍콩,홍콩,,,,"홍콩 바이어가 &apos;기능성 화장품(병풀[centella asiatica]성분 필수, 피부재생 탁월 &amp; 강력한 보습력) 제품을 찾고 있습니다. | 건강 및 미용 (Health & Beauty)","홍콩 바이어가 &apos;기능성 화장품(병풀[centella asiatica]성분 필수, 피부재생 탁월 &amp; 강력한 보습력) 제품을 찾고 있습니다. | 건강 및 미용 (health & beauty)",False,,,,,2024-03-14
buyer_candidate,중소벤처기업진흥공단_GoBizKorea구매오퍼,해외바이어구매오퍼_20241231,68,세르비아 바이어가 히알루론산 필러(Hyaluronic Acid Filler) 의  공급사를 찾고 있습니다.,,세르비아,세르비아,,,,세르비아 바이어가 히알루론산 필러(Hyaluronic Acid Filler) 의  공급사를 찾고 있습니다. | 건강 및 미용 (Health & Beauty),세르비아 바이어가 히알루론산 필러(hyaluronic acid filler) 의  공급사를 찾고 있습니다. | 건강 및 미용 (health & beauty),False,,,,,2024-04-10
buyer_candidate,중소벤처기업진흥공단_GoBizKorea구매오퍼,해외바이어구매오퍼_20241231,69,캐나다 바이어가 스파용 두피 관리 기계 (Scalp Treatment Machine for Spa) 공급사를 찾고 있습니다.,,캐나다,캐나다,,,,캐나다 바이어가 스파용 두피 관리 기계 (Scalp Treatment Machine for Spa) 공급사를 찾고 있습니다. | 건강 및 미용 (Health & Beauty),캐나다 바이어가 스파용 두피 관리 기계 (scalp treatment machine for spa) 공급사를 찾고 있습니다. | 건강 및 미용 (health & beauty),False,,,,,2024-03-29
buyer_candidate,중소벤처기업진흥공단_GoBizKorea구매오퍼,해외바이어구매오퍼_20241231,72,아랍에미리트 바이어가  음압 상처 치료 장치 (negative pressure wound healing device) 제조공급업체를 찾고 계십니다.,,아랍에미리트,아랍에미리트,,,,아랍에미리트 바이어가  음압 상처 치료 장치 (negative pressure wound healing device) 제조공급업체를 찾고 계십니다. | 건강 및 미용 (Health & Beauty),아랍에미리트 바이어가  음압 상처 치료 장치 (negative pressure wound healing device) 제조공급업체를 찾고 계십니다. | 건강 및 미용 (health & beauty),False,,,,,2024-04-18
buyer_candidate,중소벤처기업진흥공단_GoBizKorea구매오퍼,해외바이어구매오퍼_20241231,73,아랍에미리트 바이어가  상처용 치료용  실리콘 패치 (Silicon Patch for Scar) 제조공급업체를 찾고 계십니다.,,아랍에미리트,아랍에미리트,,,,아랍에미리트 바이어가  상처용 치료용  실리콘 패치 (Silicon Patch for Scar) 제조공급업체를 찾고 계십니다. | 건강 및 미용 (Health & Beauty),아랍에미리트 바이어가  상처용 치료용  실리콘 패치 (silicon patch for scar) 제조공급업체를 찾고 계십니다. | 건강 및 미용 (health & beauty),False,,,,,2024-04-18
buyer_candidate,중소벤처기업진흥공단_GoBizKorea구매오퍼,해외바이어구매오퍼_20241231,76,포르투갈 바이어가 &apos;에세틱샵용 뷰티 디바이스(Beauty device for esthetic shop)&apos; 제품을 찾고 있습니다.,,포르투갈,포르투갈,,,,포르투갈 바이어가 &apos;에세틱샵용 뷰티 디바이스(Beauty device for esthetic shop)&apos; 제품을 찾고 있습니다. | 건강 및 미용 (Health & Beauty),포르투갈 바이어가 &apos;에세틱샵용 뷰티 디바이스(beauty device for esthetic shop)&apos; 제품을 찾고 있습니다. | 건강 및 미용 (health & beauty),False,,,,,2024-03-26
buyer_candidate,중소벤처기업진흥공단_GoBizKorea구매오퍼,해외바이어구매오퍼_20241231,80,홍콩바이어가 뷰티 디바이스 (Beauty Device) 제조공급업체를 찾고 계십니다.,,홍콩,홍콩,,,,홍콩바이어가 뷰티 디바이스 (Beauty Device) 제조공급업체를 찾고 계십니다. | 건강 및 미용 (Health & Beauty),홍콩바이어가 뷰티 디바이스 (beauty device) 제조공급업체를 찾고 계십니다. | 건강 및 미용 (health & beauty),False,,,,,2024-04-10
buyer_candidate,중소벤처기업진흥공단_GoBizKorea구매오퍼,해외바이어구매오퍼_20241231,82,싱가포로 바이어가 모기 패치 시트 (어린이용 스티커) 를 찾고 있습니다.,,싱가포르,싱가포르,,,,싱가포로 바이어가 모기 패치 시트 (어린이용 스티커) 를 찾고 있습니다. | 건강 및 미용 (Health & Beauty),싱가포로 바이어가 모기 패치 시트 (어린이용 스티커) 를 찾고 있습니다. | 건강 및 미용 (health & beauty),False,,,,,2024-04-30
buyer_candidate,중소벤처기업진흥공단_GoBizKorea구매오퍼,해외바이어구매오퍼_20241231,83,"인도 바이어가 병원 방사선과용 메디칼 필름, 디알판넬, 초음파 프로브, 방사선과용 엑스레이 장비 기계 및 소모품 공급업체를 찾고 있습니다.",,인도,인도,,,,"인도 바이어가 병원 방사선과용 메디칼 필름, 디알판넬, 초음파 프로브, 방사선과용 엑스레이 장비 기계 및 소모품 공급업체를 찾고 있습니다. | 건강 및 미용 (Health & Beauty)","인도 바이어가 병원 방사선과용 메디칼 필름, 디알판넬, 초음파 프로브, 방사선과용 엑스레이 장비 기계 및 소모품 공급업체를 찾고 있습니다. | 건강 및 미용 (health & beauty)",False,,,,,2024-04-30
buyer_candidate,중소벤처기업진흥공단_GoBizKorea구매오퍼,해외바이어구매오퍼_20241231,84,미국 바이어가  안티에이징  스킨케어((히알루론산패치)를 찾고 있습니다.,,미국,미국,,,,미국 바이어가  안티에이징  스킨케어((히알루론산패치)를 찾고 있습니다. | 건강 및 미용 (Health & Beauty),미국 바이어가  안티에이징  스킨케어((히알루론산패치)를 찾고 있습니다. | 건강 및 미용 (health & beauty),False,,,,,2024-04-04
buyer_candidate,중소벤처기업진흥공단_GoBizKorea구매오퍼,해외바이어구매오퍼_20241231,86,"스페인 바이어가 헤어 두피 케어 엑소좀, 바이알, 앰플 제품(hair and scalp treatments. exosomes for hair loss, ampoule/vials for hair care)을 찾고 있습니다.",,스페인,스페인,,,,"스페인 바이어가 헤어 두피 케어 엑소좀, 바이알, 앰플 제품(hair and scalp treatments. exosomes for hair loss, ampoule/vials for hair care)을 찾고 있습니다. | 건강 및 미용 (Health & Beauty)","스페인 바이어가 헤어 두피 케어 엑소좀, 바이알, 앰플 제품(hair and scalp treatments. exosomes for hair loss, ampoule/vials for hair care)을 찾고 있습니다. | 건강 및 미용 (health & beauty)",False,,,,,2024-04-09
buyer_candidate,중소벤처기업진흥공단_GoBizKorea구매오퍼,해외바이어구매오퍼_20241231,87,미국 바이어가 눈찜질기기 패드와 컨트롤러를  제조사를 찾고 있습니다,,미국,미국,,,,미국 바이어가 눈찜질기기 패드와 컨트롤러를  제조사를 찾고 있습니다 | 건강 및 미용 (Health & Beauty),미국 바이어가 눈찜질기기 패드와 컨트롤러를  제조사를 찾고 있습니다 | 건강 및 미용 (health & beauty),False,,,,,2024-04-30
buyer_candidate,중소벤처기업진흥공단_GoBizKorea구매오퍼,해외바이어구매오퍼_20241231,88,태국  화장품  OEM 제조사가 앰플  공급사를 찾고 있습니다.,,타이,타이,,,,태국  화장품  OEM 제조사가 앰플  공급사를 찾고 있습니다. | 건강 및 미용 (Health & Beauty),태국  화장품  oem 제조사가 앰플  공급사를 찾고 있습니다. | 건강 및 미용 (health & beauty),False,,,,,2024-04-12
buyer_candidate,중소벤처기업진흥공단_GoBizKorea구매오퍼,해외바이어구매오퍼_20241231,89,"홍콩 바이어가 &apos;잡티 제거, UV 보호, 보습, 미백  등 4가지 효과를 가진 쿠션 파운데이션&apos; 제품을 찾고 있습니다.",,홍콩,홍콩,,,,"홍콩 바이어가 &apos;잡티 제거, UV 보호, 보습, 미백  등 4가지 효과를 가진 쿠션 파운데이션&apos; 제품을 찾고 있습니다. | 건강 및 미용 (Health & Beauty)","홍콩 바이어가 &apos;잡티 제거, uv 보호, 보습, 미백  등 4가지 효과를 가진 쿠션 파운데이션&apos; 제품을 찾고 있습니다. | 건강 및 미용 (health & beauty)",False,,,,,2024-04-17
buyer_candidate,중소벤처기업진흥공단_GoBizKorea구매오퍼,해외바이어구매오퍼_20241231,90,"몽골  바이어가 스킨케어, 메이크업, 헤어&amp;바디케어, 여성용제품, 유아 화장품 브랜드 공급사를 찾고 있습니다.",,몽골,몽골,,,,"몽골  바이어가 스킨케어, 메이크업, 헤어&amp;바디케어, 여성용제품, 유아 화장품 브랜드 공급사를 찾고 있습니다. | 건강 및 미용 (Health & Beauty)","몽골  바이어가 스킨케어, 메이크업, 헤어&amp;바디케어, 여성용제품, 유아 화장품 브랜드 공급사를 찾고 있습니다. | 건강 및 미용 (health & beauty)",False,,,,,2024-04-19
buyer_candidate,중소벤처기업진흥공단_GoBizKorea구매오퍼,해외바이어구매오퍼_20241231,91,미국 바이어가 전문뷰티/시술샵 유통가능한  지방분해주사 및 지방분해 제품(Fat dissolving injection or product for expert beauty shops)을 찾고 있습니다.,,미국,미국,,,,미국 바이어가 전문뷰티/시술샵 유통가능한  지방분해주사 및 지방분해 제품(Fat dissolving injection or product for expert beauty shops)을 찾고 있습니다. | 건강 및 미용 (Health & Beauty),미국 바이어가 전문뷰티/시술샵 유통가능한  지방분해주사 및 지방분해 제품(fat dissolving injection or product for expert beauty shops)을 찾고 있습니다. | 건강 및 미용 (health & beauty),False,,,,,2024-04-19
buyer_candidate,중소벤처기업진흥공단_GoBizKorea구매오퍼,해외바이어구매오퍼_20241231,92,인도 바이어가 병원에서 사용되는 스킨케어 피부 레이저 기기 공급업체를 찾고 있습니다.,,인도,인도,,,,인도 바이어가 병원에서 사용되는 스킨케어 피부 레이저 기기 공급업체를 찾고 있습니다. | 건강 및 미용 (Health & Beauty),인도 바이어가 병원에서 사용되는 스킨케어 피부 레이저 기기 공급업체를 찾고 있습니다. | 건강 및 미용 (health & beauty),False,,,,,2024-04-25
buyer_candidate,중소벤처기업진흥공단_GoBizKorea구매오퍼,해외바이어구매오퍼_20241231,93,홍콩 바이어가 프로페셔널 전문가용 샴푸(Professional Shampoo)공급자를 찾고 있습니다.,,홍콩,홍콩,,,,홍콩 바이어가 프로페셔널 전문가용 샴푸(Professional Shampoo)공급자를 찾고 있습니다. | 건강 및 미용 (Health & Beauty),홍콩 바이어가 프로페셔널 전문가용 샴푸(professional shampoo)공급자를 찾고 있습니다. | 건강 및 미용 (health & beauty),False,,,,,2024-04-29
buyer_candidate,중소벤처기업진흥공단_GoBizKorea구매오퍼,해외바이어구매오퍼_20241231,94,홍콩 바이어가 스킨 앰플(Skin Amples)공급자를 찾고 있습니다.,,홍콩,홍콩,,,,홍콩 바이어가 스킨 앰플(Skin Amples)공급자를 찾고 있습니다. | 건강 및 미용 (Health & Beauty),홍콩 바이어가 스킨 앰플(skin amples)공급자를 찾고 있습니다. | 건강 및 미용 (health & beauty),False,,,,,2024-04-15
buyer_candidate,중소벤처기업진흥공단_GoBizKorea구매오퍼,해외바이어구매오퍼_20241231,95,캄보디아 바이어가 Trending 한 화장품 공급업체를 찾습니다.,,캄보디아,캄보디아,,,,캄보디아 바이어가 Trending 한 화장품 공급업체를 찾습니다. | 건강 및 미용 (Health & Beauty),캄보디아 바이어가 trending 한 화장품 공급업체를 찾습니다. | 건강 및 미용 (health & beauty),False,,,,,2024-04-15
buyer_candidate,중소벤처기업진흥공단_GoBizKorea구매오퍼,해외바이어구매오퍼_20241231,100,싱가포르 메이크업 온오프라인 유통바이어가 홈 셀프 페디큐어 제품(Pedicure DIY type for home use)을 찾고 있습니다.,,싱가포르,싱가포르,,,,싱가포르 메이크업 온오프라인 유통바이어가 홈 셀프 페디큐어 제품(Pedicure DIY type for home use)을 찾고 있습니다. | 건강 및 미용 (Health & Beauty),싱가포르 메이크업 온오프라인 유통바이어가 홈 셀프 페디큐어 제품(pedicure diy type for home use)을 찾고 있습니다. | 건강 및 미용 (health & beauty),False,,,,,2024-04-23
buyer_candidate,중소벤처기업진흥공단_GoBizKorea구매오퍼,해외바이어구매오퍼_20241231,101,싱가포르 메이크업 온오프라인 유통바이어가 아이래쉬(Eye Lashes) 제품을 찾고 있습니다.,,싱가포르,싱가포르,,,,싱가포르 메이크업 온오프라인 유통바이어가 아이래쉬(Eye Lashes) 제품을 찾고 있습니다. | 건강 및 미용 (Health & Beauty),싱가포르 메이크업 온오프라인 유통바이어가 아이래쉬(eye lashes) 제품을 찾고 있습니다. | 건강 및 미용 (health & beauty),False,,,,,2024-04-23
buyer_candidate,중소벤처기업진흥공단_GoBizKorea구매오퍼,해외바이어구매오퍼_20241231,103,베트남바이어가 여성청결제 공급업체를 찾고 있습니다.,,베트남,베트남,,,,베트남바이어가 여성청결제 공급업체를 찾고 있습니다. | 건강 및 미용 (Health & Beauty),베트남바이어가 여성청결제 공급업체를 찾고 있습니다. | 건강 및 미용 (health & beauty),False,,,,,2024-05-02
buyer_candidate,중소벤처기업진흥공단_GoBizKorea구매오퍼,해외바이어구매오퍼_20241231,107,"인도네시아 바이어가 병원에서 사용되는 엑스레이 기기, 엠알아이, 시티스켄, 수술용 의료기구 공급업체를 찾고 있습니다.",,인도네시아,인도네시아,,,,"인도네시아 바이어가 병원에서 사용되는 엑스레이 기기, 엠알아이, 시티스켄, 수술용 의료기구 공급업체를 찾고 있습니다. | 건강 및 미용 (Health & Beauty)","인도네시아 바이어가 병원에서 사용되는 엑스레이 기기, 엠알아이, 시티스켄, 수술용 의료기구 공급업체를 찾고 있습니다. | 건강 및 미용 (health & beauty)",False,,,,,2024-05-17
buyer_candidate,중소벤처기업진흥공단_GoBizKorea구매오퍼,해외바이어구매오퍼_20241231,110,"대만 바이어거가 토너, 크림, 클렌저 세트로 구성된 제품을 OEM 으로 공급 가능한 업체를 찾고 있습니다",,대만,대만,,,,"대만 바이어거가 토너, 크림, 클렌저 세트로 구성된 제품을 OEM 으로 공급 가능한 업체를 찾고 있습니다 | 건강 및 미용 (Health & Beauty)","대만 바이어거가 토너, 크림, 클렌저 세트로 구성된 제품을 oem 으로 공급 가능한 업체를 찾고 있습니다 | 건강 및 미용 (health & beauty)",False,,,,,2024-05-07
buyer_candidate,중소벤처기업진흥공단_GoBizKorea구매오퍼,해외바이어구매오퍼_20241231,112,영국 바이어가 뷰티살롱 사용 용도의 클렌징 워터  공급사를 찾고 있습니다.,,영국,영국,,,,영국 바이어가 뷰티살롱 사용 용도의 클렌징 워터  공급사를 찾고 있습니다. | 건강 및 미용 (Health & Beauty),영국 바이어가 뷰티살롱 사용 용도의 클렌징 워터  공급사를 찾고 있습니다. | 건강 및 미용 (health & beauty),False,,,,,2024-05-24
buyer_candidate,중소벤처기업진흥공단_GoBizKorea구매오퍼,해외바이어구매오퍼_20241231,113,필리핀 바이어가 화장품 전문 매장에서 판매되고 있고 브랜드 인지도 있는 중가 브랜드 제품의 스킨케어 및 색조 화장품 공급업체를 찾고 있습니다.,,필리핀,필리핀,,,,필리핀 바이어가 화장품 전문 매장에서 판매되고 있고 브랜드 인지도 있는 중가 브랜드 제품의 스킨케어 및 색조 화장품 공급업체를 찾고 있습니다. | 건강 및 미용 (Health & Beauty),필리핀 바이어가 화장품 전문 매장에서 판매되고 있고 브랜드 인지도 있는 중가 브랜드 제품의 스킨케어 및 색조 화장품 공급업체를 찾고 있습니다. | 건강 및 미용 (health & beauty),False,,,,,2024-05-14
buyer_candidate,중소벤처기업진흥공단_GoBizKorea구매오퍼,해외바이어구매오퍼_20241231,119,"이란 바이어가 의료용품, 수술용 조명, 청진기, 주사기 및 바늘 등의 공급업체를 찾고 있습니다.",,이란,이란,,,,"이란 바이어가 의료용품, 수술용 조명, 청진기, 주사기 및 바늘 등의 공급업체를 찾고 있습니다. | 건강 및 미용 (Health & Beauty)","이란 바이어가 의료용품, 수술용 조명, 청진기, 주사기 및 바늘 등의 공급업체를 찾고 있습니다. | 건강 및 미용 (health & beauty)",False,,,,,2024-06-05
buyer_candidate,중소벤처기업진흥공단_GoBizKorea구매오퍼,해외바이어구매오퍼_20241231,120,이란 바이어가 피부과에서 사용되는 피부미용 레이지 기기 공급업체를 찾고 있습니다.,,이란,이란,,,,이란 바이어가 피부과에서 사용되는 피부미용 레이지 기기 공급업체를 찾고 있습니다. | 건강 및 미용 (Health & Beauty),이란 바이어가 피부과에서 사용되는 피부미용 레이지 기기 공급업체를 찾고 있습니다. | 건강 및 미용 (health & beauty),False,,,,,2024-06-05
buyer_candidate,중소벤처기업진흥공단_GoBizKorea구매오퍼,해외바이어구매오퍼_20241231,121,"미국바이어가 40~90대 에게 적합한 안티에이징. 수분공급 및 애프터 케어용 마이크로 니들링 (더마롤러종류 / 마이크로니들링 더마펜 기계), 항산화 / 펩타이드 / PDRN /  아미노산 스킨케어제품 공급업체를 찾고 계십니다.",,미국,미국,,,,"미국바이어가 40~90대 에게 적합한 안티에이징. 수분공급 및 애프터 케어용 마이크로 니들링 (더마롤러종류 / 마이크로니들링 더마펜 기계), 항산화 / 펩타이드 / PDRN /  아미노산 스킨케어제품 공급업체를 찾고 계십니다. | 건강 및 미용 (Health & Beauty)","미국바이어가 40~90대 에게 적합한 안티에이징. 수분공급 및 애프터 케어용 마이크로 니들링 (더마롤러종류 / 마이크로니들링 더마펜 기계), 항산화 / 펩타이드 / pdrn /  아미노산 스킨케어제품 공급업체를 찾고 계십니다. | 건강 및 미용 (health & beauty)",False,,,,,2024-06-04
buyer_candidate,중소벤처기업진흥공단_GoBizKorea구매오퍼,해외바이어구매오퍼_20241231,122,미국 한인 바이어가 이너뷰티 건강식품(Inner Beauty) 공급자를 찾습니다.,,미국,미국,,,,미국 한인 바이어가 이너뷰티 건강식품(Inner Beauty) 공급자를 찾습니다. | 건강 및 미용 (Health & Beauty),미국 한인 바이어가 이너뷰티 건강식품(inner beauty) 공급자를 찾습니다. | 건강 및 미용 (health & beauty),False,,,,,2024-05-24
buyer_candidate,중소벤처기업진흥공단_GoBizKorea구매오퍼,해외바이어구매오퍼_20241231,123,싱가포르바이어가 좌식등받이 의자(자세교정의자 ergonomic chair)를 찾고 있습니다.,,싱가포르,싱가포르,,,,"싱가포르바이어가 좌식등받이 의자(자세교정의자 ergonomic chair)를 찾고 있습니다. | 가정, 조명 및 장치 (Home, Lights & Construction)","싱가포르바이어가 좌식등받이 의자(자세교정의자 ergonomic chair)를 찾고 있습니다. | 가정, 조명 및 장치 (home, lights & construction)",False,,,,,2024-06-12
buyer_candidate,중소벤처기업진흥공단_GoBizKorea구매오퍼,해외바이어구매오퍼_20241231,132,오스트레일리아 바이어가 &apos;멀티 유스 밤(Multi use balm)&apos; 제품을 찾고 있습니다.(브랜드사만 신청가능),,오스트레일리아,오스트레일리아,,,,오스트레일리아 바이어가 &apos;멀티 유스 밤(Multi use balm)&apos; 제품을 찾고 있습니다.(브랜드사만 신청가능) | 건강 및 미용 (Health & Beauty),오스트레일리아 바이어가 &apos;멀티 유스 밤(multi use balm)&apos; 제품을 찾고 있습니다.(브랜드사만 신청가능) | 건강 및 미용 (health & beauty),False,,,,,2024-06-25
buyer_candidate,중소벤처기업진흥공단_GoBizKorea구매오퍼,해외바이어구매오퍼_20241231,133,오스트레일리아 바이어가 &apos;자외선 차단제(Sunscreen)&apos; 제품을 찾고 있습니다.(브랜드사만 신청가능),,오스트레일리아,오스트레일리아,,,,오스트레일리아 바이어가 &apos;자외선 차단제(Sunscreen)&apos; 제품을 찾고 있습니다.(브랜드사만 신청가능) | 건강 및 미용 (Health & Beauty),오스트레일리아 바이어가 &apos;자외선 차단제(sunscreen)&apos; 제품을 찾고 있습니다.(브랜드사만 신청가능) | 건강 및 미용 (health & beauty),False,,,,,2024-06-18
buyer_candidate,중소벤처기업진흥공단_GoBizKorea구매오퍼,해외바이어구매오퍼_20241231,135,캄보디아 바이이가 메이크업제품군 공급업체를 찾고 있습니다.,,캄보디아,캄보디아,,,,캄보디아 바이이가 메이크업제품군 공급업체를 찾고 있습니다. | 건강 및 미용 (Health & Beauty),캄보디아 바이이가 메이크업제품군 공급업체를 찾고 있습니다. | 건강 및 미용 (health & beauty),False,,,,,2024-06-24
buyer_candidate,중소벤처기업진흥공단_GoBizKorea구매오퍼,해외바이어구매오퍼_20241231,136,독일 바이어가  스킨케어 제품을 찾고 있습니다.,,독일,독일,,,,독일 바이어가  스킨케어 제품을 찾고 있습니다. | 건강 및 미용 (Health & Beauty),독일 바이어가  스킨케어 제품을 찾고 있습니다. | 건강 및 미용 (health & beauty),False,,,,,2024-06-19
buyer_candidate,중소벤처기업진흥공단_GoBizKorea구매오퍼,해외바이어구매오퍼_20241231,137,"말레이시아 바이이가 좌식자세교정의자(Chair Cushion,  Correct Sitting, ergonomic chair) 제품군을 찾습니다.",,말레이시아,말레이시아,,,,"말레이시아 바이이가 좌식자세교정의자(Chair Cushion,  Correct Sitting, ergonomic chair) 제품군을 찾습니다. | 가정, 조명 및 장치 (Home, Lights & Construction)","말레이시아 바이이가 좌식자세교정의자(chair cushion,  correct sitting, ergonomic chair) 제품군을 찾습니다. | 가정, 조명 및 장치 (home, lights & construction)",False,,,,,2024-06-25
buyer_candidate,중소벤처기업진흥공단_GoBizKorea구매오퍼,해외바이어구매오퍼_20241231,138,미국 바이어가 손톱 붙이는 Glue 공급업체를 찾고 있습니다.,,미국,미국,,,,미국 바이어가 손톱 붙이는 Glue 공급업체를 찾고 있습니다. | 건강 및 미용 (Health & Beauty),미국 바이어가 손톱 붙이는 glue 공급업체를 찾고 있습니다. | 건강 및 미용 (health & beauty),False,,,,,2024-06-24
buyer_candidate,중소벤처기업진흥공단_GoBizKorea구매오퍼,해외바이어구매오퍼_20241231,141,필리핀 바이어가 C-ARM X-Ray Machine (모바일 엑스레이) 제조공급업체를 찾고 계십니다.,,필리핀,필리핀,,,,필리핀 바이어가 C-ARM X-Ray Machine (모바일 엑스레이) 제조공급업체를 찾고 계십니다. | 건강 및 미용 (Health & Beauty),필리핀 바이어가 c-arm x-ray machine (모바일 엑스레이) 제조공급업체를 찾고 계십니다. | 건강 및 미용 (health & beauty),False,,,,,2024-07-31
buyer_candidate,중소벤처기업진흥공단_GoBizKorea구매오퍼,해외바이어구매오퍼_20241231,152,스페인 바이어가 기초 메이크업(화장품) 관련 공급사를 찾고 있습니다.,,스페인,스페인,,,,스페인 바이어가 기초 메이크업(화장품) 관련 공급사를 찾고 있습니다. | 건강 및 미용 (Health & Beauty),스페인 바이어가 기초 메이크업(화장품) 관련 공급사를 찾고 있습니다. | 건강 및 미용 (health & beauty),False,,,,,2024-07-19
buyer_candidate,중소벤처기업진흥공단_GoBizKorea구매오퍼,해외바이어구매오퍼_20241231,153,스페인 바이어가 바디케어 및 향수 관련 공급사를 찾고 있습니다.,,스페인,스페인,,,,스페인 바이어가 바디케어 및 향수 관련 공급사를 찾고 있습니다. | 건강 및 미용 (Health & Beauty),스페인 바이어가 바디케어 및 향수 관련 공급사를 찾고 있습니다. | 건강 및 미용 (health & beauty),False,,,,,2024-07-19
buyer_candidate,중소벤처기업진흥공단_GoBizKorea구매오퍼,해외바이어구매오퍼_20241231,154,"몽골 바이어가 바디로션&amp;워시, 핸드로션&amp;워시, 샴푸 공급사를 찾고 있습니다.",,몽골,몽골,,,,"몽골 바이어가 바디로션&amp;워시, 핸드로션&amp;워시, 샴푸 공급사를 찾고 있습니다. | 건강 및 미용 (Health & Beauty)","몽골 바이어가 바디로션&amp;워시, 핸드로션&amp;워시, 샴푸 공급사를 찾고 있습니다. | 건강 및 미용 (health & beauty)",False,,,,,2024-07-26
buyer_candidate,중소벤처기업진흥공단_GoBizKorea구매오퍼,해외바이어구매오퍼_20241231,158,미국 바이어가 스낵 및 화장품 등을 포장할 플라스틱 백(Plastic Bags) 공급업체를 찾고 있습니다.,,미국,미국,,,,"미국 바이어가 스낵 및 화장품 등을 포장할 플라스틱 백(Plastic Bags) 공급업체를 찾고 있습니다. | 기계, 화학, 고무 및 플라스틱 (Metallurgy, Chemicals, Rubber & Plastics)","미국 바이어가 스낵 및 화장품 등을 포장할 플라스틱 백(plastic bags) 공급업체를 찾고 있습니다. | 기계, 화학, 고무 및 플라스틱 (metallurgy, chemicals, rubber & plastics)",False,,,,,2024-07-22
buyer_candidate,중소벤처기업진흥공단_GoBizKorea구매오퍼,해외바이어구매오퍼_20241231,161,베트남 바이어가 더운 지역 특성에 맞춘 산뜻한 마무라감의 기초 스킨케어  제품을 찾고 계십니다.,,베트남,베트남,,,,베트남 바이어가 더운 지역 특성에 맞춘 산뜻한 마무라감의 기초 스킨케어  제품을 찾고 계십니다. | 건강 및 미용 (Health & Beauty),베트남 바이어가 더운 지역 특성에 맞춘 산뜻한 마무라감의 기초 스킨케어  제품을 찾고 계십니다. | 건강 및 미용 (health & beauty),False,,,,,2024-07-26
buyer_candidate,중소벤처기업진흥공단_GoBizKorea구매오퍼,해외바이어구매오퍼_20241231,162,"베트남 바이어가 다이어트 보조제, 이너뷰터 (콜라겐, 글루타지온 등) 제품을 찾고 계십니다.",,베트남,베트남,,,,"베트남 바이어가 다이어트 보조제, 이너뷰터 (콜라겐, 글루타지온 등) 제품을 찾고 계십니다. | 건강 및 미용 (Health & Beauty)","베트남 바이어가 다이어트 보조제, 이너뷰터 (콜라겐, 글루타지온 등) 제품을 찾고 계십니다. | 건강 및 미용 (health & beauty)",False,,,,,2024-07-31
buyer_candidate,중소벤처기업진흥공단_GoBizKorea구매오퍼,해외바이어구매오퍼_20241231,163,"뉴질랜드바이어가 혈당패치, 혈장측정워치(모니터링 워치) 공급사를 찾고 계십니다.",,뉴질랜드,뉴질랜드,,,,"뉴질랜드바이어가 혈당패치, 혈장측정워치(모니터링 워치) 공급사를 찾고 계십니다. | 건강 및 미용 (Health & Beauty)","뉴질랜드바이어가 혈당패치, 혈장측정워치(모니터링 워치) 공급사를 찾고 계십니다. | 건강 및 미용 (health & beauty)",False,,,,,2024-08-09
buyer_candidate,중소벤처기업진흥공단_GoBizKorea구매오퍼,해외바이어구매오퍼_20241231,166,인도 바이어가 원데이 컬러콘택트렌즈 공급업체를 찾고 있습니다.,,인도,인도,,,,인도 바이어가 원데이 컬러콘택트렌즈 공급업체를 찾고 있습니다. | 건강 및 미용 (Health & Beauty),인도 바이어가 원데이 컬러콘택트렌즈 공급업체를 찾고 있습니다. | 건강 및 미용 (health & beauty),False,,,,,2024-07-31
buyer_candidate,중소벤처기업진흥공단_GoBizKorea구매오퍼,해외바이어구매오퍼_20241231,169,"태국 바이어가 이너뷰티(Collagen, Glutathione) 제품 공급자를 찾습니다.",,타이,타이,,,,"태국 바이어가 이너뷰티(Collagen, Glutathione) 제품 공급자를 찾습니다. | 건강 및 미용 (Health & Beauty)","태국 바이어가 이너뷰티(collagen, glutathione) 제품 공급자를 찾습니다. | 건강 및 미용 (health & beauty)",False,,,,,2024-07-26
buyer_candidate,중소벤처기업진흥공단_GoBizKorea구매오퍼,해외바이어구매오퍼_20241231,170,예멘 바이어가 가슴 보형물 및 가슴 성형 기계 관련 공급사를 찾고 있습니다.,,예맨,예맨,,,,예멘 바이어가 가슴 보형물 및 가슴 성형 기계 관련 공급사를 찾고 있습니다. | 건강 및 미용 (Health & Beauty),예멘 바이어가 가슴 보형물 및 가슴 성형 기계 관련 공급사를 찾고 있습니다. | 건강 및 미용 (health & beauty),False,,,,,2024-08-16
buyer_candidate,중소벤처기업진흥공단_GoBizKorea구매오퍼,해외바이어구매오퍼_20241231,171,이라크 바이어가  화장품(페이스 크림 및 페이스 세럼) 관련 공급사를 찾고 있습니다.,,이라크,이라크,,,,이라크 바이어가  화장품(페이스 크림 및 페이스 세럼) 관련 공급사를 찾고 있습니다. | 건강 및 미용 (Health & Beauty),이라크 바이어가  화장품(페이스 크림 및 페이스 세럼) 관련 공급사를 찾고 있습니다. | 건강 및 미용 (health & beauty),False,,,,,2024-07-31
buyer_candidate,중소벤처기업진흥공단_GoBizKorea구매오퍼,해외바이어구매오퍼_20241231,172,스페인 바이어가 비건 스킨케어 제품을 찾고 있습니다. (CPNP 필수 / 특정 조건 O),,스페인,스페인,,,,스페인 바이어가 비건 스킨케어 제품을 찾고 있습니다. (CPNP 필수 / 특정 조건 O) | 건강 및 미용 (Health & Beauty),스페인 바이어가 비건 스킨케어 제품을 찾고 있습니다. (cpnp 필수 / 특정 조건 o) | 건강 및 미용 (health & beauty),False,,,,,2024-08-02
buyer_candidate,중소벤처기업진흥공단_GoBizKorea구매오퍼,해외바이어구매오퍼_20241231,174,이란 바이어가 휴대용 엑스레이 카메라 공급업체를 찾고 있습니다.,,이란,이란,,,,이란 바이어가 휴대용 엑스레이 카메라 공급업체를 찾고 있습니다. | 건강 및 미용 (Health & Beauty),이란 바이어가 휴대용 엑스레이 카메라 공급업체를 찾고 있습니다. | 건강 및 미용 (health & beauty),False,,,,,2024-08-07
buyer_candidate,중소벤처기업진흥공단_GoBizKorea구매오퍼,해외바이어구매오퍼_20241231,175,인도바이어가 지방흡입기기를 찾습니다. (Power assisted Liposuction machine and  battery dermatome) 공급업체를 찾고 있습니다.,,인도,인도,,,,인도바이어가 지방흡입기기를 찾습니다. (Power assisted Liposuction machine and  battery dermatome) 공급업체를 찾고 있습니다. | 건강 및 미용 (Health & Beauty),인도바이어가 지방흡입기기를 찾습니다. (power assisted liposuction machine and  battery dermatome) 공급업체를 찾고 있습니다. | 건강 및 미용 (health & beauty),False,,,,,2024-08-07
buyer_candidate,중소벤처기업진흥공단_GoBizKorea구매오퍼,해외바이어구매오퍼_20241231,176,싱가포르 바이어가 마데카소사이드 토너패드 브랜드 공급업체 (올리브영 입점)를 찾고 계십니다.,,싱가포르,싱가포르,,,,싱가포르 바이어가 마데카소사이드 토너패드 브랜드 공급업체 (올리브영 입점)를 찾고 계십니다. | 건강 및 미용 (Health & Beauty),싱가포르 바이어가 마데카소사이드 토너패드 브랜드 공급업체 (올리브영 입점)를 찾고 계십니다. | 건강 및 미용 (health & beauty),False,,,,,2024-08-09
buyer_candidate,중소벤처기업진흥공단_GoBizKorea구매오퍼,해외바이어구매오퍼_20241231,177,홍콩 바이어가  통증 완화 기기를 찾고 있습니다. (ESWT/IFT/PEMF 등등-사진첨부)),,홍콩,홍콩,,,,홍콩 바이어가  통증 완화 기기를 찾고 있습니다. (ESWT/IFT/PEMF 등등-사진첨부)) | 건강 및 미용 (Health & Beauty),홍콩 바이어가  통증 완화 기기를 찾고 있습니다. (eswt/ift/pemf 등등-사진첨부)) | 건강 및 미용 (health & beauty),False,,,,,2024-08-13
buyer_candidate,중소벤처기업진흥공단_GoBizKorea구매오퍼,해외바이어구매오퍼_20241231,178,일본 바이어가 미용에 사용되는 리프팅실(aesthetic lifting thread) 제품을 찾고 있습니다.,,일본,일본,,,,일본 바이어가 미용에 사용되는 리프팅실(aesthetic lifting thread) 제품을 찾고 있습니다. | 건강 및 미용 (Health & Beauty),일본 바이어가 미용에 사용되는 리프팅실(aesthetic lifting thread) 제품을 찾고 있습니다. | 건강 및 미용 (health & beauty),False,,,,,2024-08-14
buyer_candidate,중소벤처기업진흥공단_GoBizKorea구매오퍼,해외바이어구매오퍼_20241231,182,말레이시아 바이어가 바이어 브랜드(OEM)의 페이스 세럼(Face serum) 제조사(공급사)를 찾고 있습니다.,,말레이시아,말레이시아,,,,말레이시아 바이어가 바이어 브랜드(OEM)의 페이스 세럼(Face serum) 제조사(공급사)를 찾고 있습니다. | 건강 및 미용 (Health & Beauty),말레이시아 바이어가 바이어 브랜드(oem)의 페이스 세럼(face serum) 제조사(공급사)를 찾고 있습니다. | 건강 및 미용 (health & beauty),False,,,,,2024-10-14
buyer_candidate,중소벤처기업진흥공단_GoBizKorea구매오퍼,해외바이어구매오퍼_20241231,183,말레이시아 바이어가 바이어 브랜드(OEM)의 비누(Soap) 제조사(공급사)를 찾고 있습니다.,,말레이시아,말레이시아,,,,말레이시아 바이어가 바이어 브랜드(OEM)의 비누(Soap) 제조사(공급사)를 찾고 있습니다. | 건강 및 미용 (Health & Beauty),말레이시아 바이어가 바이어 브랜드(oem)의 비누(soap) 제조사(공급사)를 찾고 있습니다. | 건강 및 미용 (health & beauty),False,,,,,2024-09-30
buyer_candidate,중소벤처기업진흥공단_GoBizKorea구매오퍼,해외바이어구매오퍼_20241231,185,키프러스(사이프러스) 바이이가 휴대용 워터픽(Cordless Water Flosser) 공급업체를 찾고 있습니다.,,사이프러스,사이프러스,,,,키프러스(사이프러스) 바이이가 휴대용 워터픽(Cordless Water Flosser) 공급업체를 찾고 있습니다. | 건강 및 미용 (Health & Beauty),키프러스(사이프러스) 바이이가 휴대용 워터픽(cordless water flosser) 공급업체를 찾고 있습니다. | 건강 및 미용 (health & beauty),False,,,,,2024-08-23
buyer_candidate,중소벤처기업진흥공단_GoBizKorea구매오퍼,해외바이어구매오퍼_20241231,186,홍콩 바이어가  화장품(시트 마스크) 관련 공급사를 찾고 있습니다.,,홍콩,홍콩,,,,홍콩 바이어가  화장품(시트 마스크) 관련 공급사를 찾고 있습니다. | 건강 및 미용 (Health & Beauty),홍콩 바이어가  화장품(시트 마스크) 관련 공급사를 찾고 있습니다. | 건강 및 미용 (health & beauty),False,,,,,2024-08-14
buyer_candidate,중소벤처기업진흥공단_GoBizKorea구매오퍼,해외바이어구매오퍼_20241231,189,미국 바이어가 헤어 악세사리 (Hair Accessories)관련 공급사를 찾고 있습니다,,미국,미국,,,,"미국 바이어가 헤어 악세사리 (Hair Accessories)관련 공급사를 찾고 있습니다 | 가방, 신발 및 액세서리 (Bags, Shoes & Accessories)","미국 바이어가 헤어 악세사리 (hair accessories)관련 공급사를 찾고 있습니다 | 가방, 신발 및 액세서리 (bags, shoes & accessories)",False,,,,,2024-09-30
buyer_candidate,중소벤처기업진흥공단_GoBizKorea구매오퍼,해외바이어구매오퍼_20241231,190,미국 바이어가 눈썹 면도칼 제조 업체를 찾고 있습니다.,,미국,미국,,,,미국 바이어가 눈썹 면도칼 제조 업체를 찾고 있습니다. | 건강 및 미용 (Health & Beauty),미국 바이어가 눈썹 면도칼 제조 업체를 찾고 있습니다. | 건강 및 미용 (health & beauty),False,,,,,2024-08-23
buyer_candidate,중소벤처기업진흥공단_GoBizKorea구매오퍼,해외바이어구매오퍼_20241231,191,방글라데시 바이어가 알약 검사 장비 및 캡슐층진기 (Tablet/capsule inspection and Capsule filling machine)공급사를 찾고 있습니다.,,방글라데시,방글라데시,,,,방글라데시 바이어가 알약 검사 장비 및 캡슐층진기 (Tablet/capsule inspection and Capsule filling machine)공급사를 찾고 있습니다. | 건강 및 미용 (Health & Beauty),방글라데시 바이어가 알약 검사 장비 및 캡슐층진기 (tablet/capsule inspection and capsule filling machine)공급사를 찾고 있습니다. | 건강 및 미용 (health & beauty),False,,,,,2024-09-13
buyer_candidate,중소벤처기업진흥공단_GoBizKorea구매오퍼,해외바이어구매오퍼_20241231,194,"아랍에미리트 바이어가 탈모방지 헤어/두피 앰플, 세럼(Anti-hairloss ampoule, serum) 제품을 찾고 있습니다.",,아랍에미리트,아랍에미리트,,,,"아랍에미리트 바이어가 탈모방지 헤어/두피 앰플, 세럼(Anti-hairloss ampoule, serum) 제품을 찾고 있습니다. | 건강 및 미용 (Health & Beauty)","아랍에미리트 바이어가 탈모방지 헤어/두피 앰플, 세럼(anti-hairloss ampoule, serum) 제품을 찾고 있습니다. | 건강 및 미용 (health & beauty)",False,,,,,2024-08-21
buyer_candidate,중소벤처기업진흥공단_GoBizKorea구매오퍼,해외바이어구매오퍼_20241231,198,홍콩 바이어가 여드름 치료용 마이크로니들 패치 관련 공급사를 찾고 있습니다.,,홍콩,홍콩,,,,홍콩 바이어가 여드름 치료용 마이크로니들 패치 관련 공급사를 찾고 있습니다. | 건강 및 미용 (Health & Beauty),홍콩 바이어가 여드름 치료용 마이크로니들 패치 관련 공급사를 찾고 있습니다. | 건강 및 미용 (health & beauty),False,,,,,2024-09-04
buyer_candidate,중소벤처기업진흥공단_GoBizKorea구매오퍼,해외바이어구매오퍼_20241231,200,독일 바이어가 Beauty of Joseon 제품 공급이 가능한 공급업자를  찾고 있습니다,,독일,독일,,,,독일 바이어가 Beauty of Joseon 제품 공급이 가능한 공급업자를  찾고 있습니다 | 건강 및 미용 (Health & Beauty),독일 바이어가 beauty of joseon 제품 공급이 가능한 공급업자를  찾고 있습니다 | 건강 및 미용 (health & beauty),False,,,,,2024-09-06
buyer_candidate,중소벤처기업진흥공단_GoBizKorea구매오퍼,해외바이어구매오퍼_20241231,205,인도 바이어가 네일 용품업체를  찾고 있습니다,,인도,인도,,,,인도 바이어가 네일 용품업체를  찾고 있습니다 | 건강 및 미용 (Health & Beauty),인도 바이어가 네일 용품업체를  찾고 있습니다 | 건강 및 미용 (health & beauty),False,,,,,2024-09-05
buyer_candidate,중소벤처기업진흥공단_GoBizKorea구매오퍼,해외바이어구매오퍼_20241231,206,"싱가포르 소규모 네일 체인 바이어가 네일 매니큐어(Nail Polisher, file) 관련 제품을 찾고 있습니다.",,싱가포르,싱가포르,,,,"싱가포르 소규모 네일 체인 바이어가 네일 매니큐어(Nail Polisher, file) 관련 제품을 찾고 있습니다. | 건강 및 미용 (Health & Beauty)","싱가포르 소규모 네일 체인 바이어가 네일 매니큐어(nail polisher, file) 관련 제품을 찾고 있습니다. | 건강 및 미용 (health & beauty)",False,,,,,2024-09-12
buyer_candidate,중소벤처기업진흥공단_GoBizKorea구매오퍼,해외바이어구매오퍼_20241231,211,쿠웨이트 바이어가 코직산 비누(Kojic Acid Soap) 제조사를 찾고 있습니다.,,쿠웨이트,쿠웨이트,,,,쿠웨이트 바이어가 코직산 비누(Kojic Acid Soap) 제조사를 찾고 있습니다. | 건강 및 미용 (Health & Beauty),쿠웨이트 바이어가 코직산 비누(kojic acid soap) 제조사를 찾고 있습니다. | 건강 및 미용 (health & beauty),False,,,,,2024-09-10
buyer_candidate,중소벤처기업진흥공단_GoBizKorea구매오퍼,해외바이어구매오퍼_20241231,212,브라질 바이어가 [속눈썹 연장용 접착제/속눈썹용 접착제/네일용 접착제] 를 모두 취급하는 국내 제조사 및 유통사를 찾고 있습니다.,,브라질,브라질,,,,브라질 바이어가 [속눈썹 연장용 접착제/속눈썹용 접착제/네일용 접착제] 를 모두 취급하는 국내 제조사 및 유통사를 찾고 있습니다. | 건강 및 미용 (Health & Beauty),브라질 바이어가 [속눈썹 연장용 접착제/속눈썹용 접착제/네일용 접착제] 를 모두 취급하는 국내 제조사 및 유통사를 찾고 있습니다. | 건강 및 미용 (health & beauty),False,,,,,2024-09-10
buyer_candidate,중소벤처기업진흥공단_GoBizKorea구매오퍼,해외바이어구매오퍼_20241231,217,영국 바이어가 레이저 제모기기 관련 공급사를 찾고 있습니다.,,영국,영국,,,,영국 바이어가 레이저 제모기기 관련 공급사를 찾고 있습니다. | 건강 및 미용 (Health & Beauty),영국 바이어가 레이저 제모기기 관련 공급사를 찾고 있습니다. | 건강 및 미용 (health & beauty),False,,,,,2024-10-11
buyer_candidate,중소벤처기업진흥공단_GoBizKorea구매오퍼,해외바이어구매오퍼_20241231,218,쿠웨이트 바이어가 비듬 제거에 특화된 샴푸 제조사를 찾고 있습니다.,,쿠웨이트,쿠웨이트,,,,쿠웨이트 바이어가 비듬 제거에 특화된 샴푸 제조사를 찾고 있습니다. | 건강 및 미용 (Health & Beauty),쿠웨이트 바이어가 비듬 제거에 특화된 샴푸 제조사를 찾고 있습니다. | 건강 및 미용 (health & beauty),False,,,,,2024-09-20
buyer_candidate,중소벤처기업진흥공단_GoBizKorea구매오퍼,해외바이어구매오퍼_20241231,219,브라질 바이어가 색조 화장품(립스틱/쉐도우)등 제조/유통사를 찾고 있습니다. (스킨케어 불가),,브라질,브라질,,,,브라질 바이어가 색조 화장품(립스틱/쉐도우)등 제조/유통사를 찾고 있습니다. (스킨케어 불가) | 건강 및 미용 (Health & Beauty),브라질 바이어가 색조 화장품(립스틱/쉐도우)등 제조/유통사를 찾고 있습니다. (스킨케어 불가) | 건강 및 미용 (health & beauty),False,,,,,2024-09-20
buyer_candidate,중소벤처기업진흥공단_GoBizKorea구매오퍼,해외바이어구매오퍼_20241231,222,미국 바이어가 세안브러쉬 (Facial Cleansing Brush) 공급업체를 찾고 계십니다.,,미국,미국,,,,미국 바이어가 세안브러쉬 (Facial Cleansing Brush) 공급업체를 찾고 계십니다. | 건강 및 미용 (Health & Beauty),미국 바이어가 세안브러쉬 (facial cleansing brush) 공급업체를 찾고 계십니다. | 건강 및 미용 (health & beauty),False,,,,,2024-09-18
buyer_candidate,중소벤처기업진흥공단_GoBizKorea구매오퍼,해외바이어구매오퍼_20241231,228,"필리핀 바이어가  휴대용 &amp; 고정용 흡인기 (Portable Suction Machine , Stationary Suction Machine ) 와 전기 지혈기(Cautery Machine)를 찾고 있습니다.",,필리핀,필리핀,,,,"필리핀 바이어가  휴대용 &amp; 고정용 흡인기 (Portable Suction Machine , Stationary Suction Machine ) 와 전기 지혈기(Cautery Machine)를 찾고 있습니다. | 건강 및 미용 (Health & Beauty)","필리핀 바이어가  휴대용 &amp; 고정용 흡인기 (portable suction machine , stationary suction machine ) 와 전기 지혈기(cautery machine)를 찾고 있습니다. | 건강 및 미용 (health & beauty)",False,,,,,2024-10-18
buyer_candidate,중소벤처기업진흥공단_GoBizKorea구매오퍼,해외바이어구매오퍼_20241231,233,"영국 바이어가 슈퍼마켓에 납품할 과자 스낵류, 아이스크림, 즉석식품 공급 업체를 찾고 있습니다.",,영국,영국,,,,"영국 바이어가 슈퍼마켓에 납품할 과자 스낵류, 아이스크림, 즉석식품 공급 업체를 찾고 있습니다. | 농업 및 식품 (Agriculture & Food)","영국 바이어가 슈퍼마켓에 납품할 과자 스낵류, 아이스크림, 즉석식품 공급 업체를 찾고 있습니다. | 농업 및 식품 (agriculture & food)",False,,,,,2024-09-27
buyer_candidate,중소벤처기업진흥공단_GoBizKorea구매오퍼,해외바이어구매오퍼_20241231,236,"방글라데시 바이어가 컬러렌즈, 안경테, 안경렌즈, 셀프 염색제품 공급사를 찾고 있습니다.",,방글라데시,방글라데시,,,,"방글라데시 바이어가 컬러렌즈, 안경테, 안경렌즈, 셀프 염색제품 공급사를 찾고 있습니다. | 건강 및 미용 (Health & Beauty)","방글라데시 바이어가 컬러렌즈, 안경테, 안경렌즈, 셀프 염색제품 공급사를 찾고 있습니다. | 건강 및 미용 (health & beauty)",False,,,,,2024-10-11
buyer_candidate,중소벤처기업진흥공단_GoBizKorea구매오퍼,해외바이어구매오퍼_20241231,238,홍콩바이어가 굽는 (반 경화) 젤네일 스티커 (semi-cured gel nail stickers) 제조공급업체를 찾고 계십니다.,,홍콩,홍콩,,,,홍콩바이어가 굽는 (반 경화) 젤네일 스티커 (semi-cured gel nail stickers) 제조공급업체를 찾고 계십니다. | 건강 및 미용 (Health & Beauty),홍콩바이어가 굽는 (반 경화) 젤네일 스티커 (semi-cured gel nail stickers) 제조공급업체를 찾고 계십니다. | 건강 및 미용 (health & beauty),False,,,,,2024-10-21
buyer_candidate,중소벤처기업진흥공단_GoBizKorea구매오퍼,해외바이어구매오퍼_20241231,242,필리핀 바이어가 마사지 매트 관련 공급사를 찾고 있습니다.,,필리핀,필리핀,,,,필리핀 바이어가 마사지 매트 관련 공급사를 찾고 있습니다. | 건강 및 미용 (Health & Beauty),필리핀 바이어가 마사지 매트 관련 공급사를 찾고 있습니다. | 건강 및 미용 (health & beauty),False,,,,,2024-11-08
buyer_candidate,중소벤처기업진흥공단_GoBizKorea구매오퍼,해외바이어구매오퍼_20241231,243,이집트 바이어가 &apos;투명/칼라 콘택트 렌즈&apos; 제품을 찾고 있습니다.,,이집트,이집트,,,,이집트 바이어가 &apos;투명/칼라 콘택트 렌즈&apos; 제품을 찾고 있습니다. | 건강 및 미용 (Health & Beauty),이집트 바이어가 &apos;투명/칼라 콘택트 렌즈&apos; 제품을 찾고 있습니다. | 건강 및 미용 (health & beauty),False,,,,,2024-11-08
buyer_candidate,중소벤처기업진흥공단_GoBizKorea구매오퍼,해외바이어구매오퍼_20241231,247,"말레이시아 바이어가 근육 및 관절케어, 다이어터용 핫패치(온열패치, Hot Patch)제품을 찾고 있습니다.",,말레이시아,말레이시아,,,,"말레이시아 바이어가 근육 및 관절케어, 다이어터용 핫패치(온열패치, Hot Patch)제품을 찾고 있습니다. | 건강 및 미용 (Health & Beauty)","말레이시아 바이어가 근육 및 관절케어, 다이어터용 핫패치(온열패치, hot patch)제품을 찾고 있습니다. | 건강 및 미용 (health & beauty)",False,,,,,2024-10-24
buyer_candidate,중소벤처기업진흥공단_GoBizKorea구매오퍼,해외바이어구매오퍼_20241231,248,"말레이시아 바이어가 여드름, 뽀루지 케어크림 및 스팟패치 제품(Pimple care cream, spot care pad/patch) 제조사를 찾고 있습니다.",,말레이시아,말레이시아,,,,"말레이시아 바이어가 여드름, 뽀루지 케어크림 및 스팟패치 제품(Pimple care cream, spot care pad/patch) 제조사를 찾고 있습니다. | 건강 및 미용 (Health & Beauty)","말레이시아 바이어가 여드름, 뽀루지 케어크림 및 스팟패치 제품(pimple care cream, spot care pad/patch) 제조사를 찾고 있습니다. | 건강 및 미용 (health & beauty)",False,,,,,2024-10-24
buyer_candidate,중소벤처기업진흥공단_GoBizKorea구매오퍼,해외바이어구매오퍼_20241231,249,말레이시아 바이어가 건강보조식품 제조사를 찾고 있습니다.,,말레이시아,말레이시아,,,,말레이시아 바이어가 건강보조식품 제조사를 찾고 있습니다. | 건강 및 미용 (Health & Beauty),말레이시아 바이어가 건강보조식품 제조사를 찾고 있습니다. | 건강 및 미용 (health & beauty),False,,,,,2024-11-06
buyer_candidate,중소벤처기업진흥공단_GoBizKorea구매오퍼,해외바이어구매오퍼_20241231,250,대만 바이어가 마이크로니들 아이패치 (MICRONEEDLE EYE PATCH) 제조/유통사를 찾고 있습니다.,,대만,대만,,,,대만 바이어가 마이크로니들 아이패치 (MICRONEEDLE EYE PATCH) 제조/유통사를 찾고 있습니다. | 건강 및 미용 (Health & Beauty),대만 바이어가 마이크로니들 아이패치 (microneedle eye patch) 제조/유통사를 찾고 있습니다. | 건강 및 미용 (health & beauty),False,,,,,2024-10-28
buyer_candidate,중소벤처기업진흥공단_GoBizKorea구매오퍼,해외바이어구매오퍼_20241231,251,아랍에미리트 바이어가 에어브러쉬 네일 메이크업 키트 세트 공급 업체를 찾고 있습니다.,,아랍에미리트,아랍에미리트,,,,아랍에미리트 바이어가 에어브러쉬 네일 메이크업 키트 세트 공급 업체를 찾고 있습니다. | 건강 및 미용 (Health & Beauty),아랍에미리트 바이어가 에어브러쉬 네일 메이크업 키트 세트 공급 업체를 찾고 있습니다. | 건강 및 미용 (health & beauty),False,,,,,2024-10-31
buyer_candidate,중소벤처기업진흥공단_GoBizKorea구매오퍼,해외바이어구매오퍼_20241231,252,"말레이시아 바이어가 리포좀(Liposome) 성분이 함유된 크림, 세럼, 젤, 페이스 마스크, 샴푸, 컨디셔너 제품의 바이어 브랜드(OEM) 제조사를 찾고 있습니다.",,말레이시아,말레이시아,,,,"말레이시아 바이어가 리포좀(Liposome) 성분이 함유된 크림, 세럼, 젤, 페이스 마스크, 샴푸, 컨디셔너 제품의 바이어 브랜드(OEM) 제조사를 찾고 있습니다. | 건강 및 미용 (Health & Beauty)","말레이시아 바이어가 리포좀(liposome) 성분이 함유된 크림, 세럼, 젤, 페이스 마스크, 샴푸, 컨디셔너 제품의 바이어 브랜드(oem) 제조사를 찾고 있습니다. | 건강 및 미용 (health & beauty)",False,,,,,2024-10-29
buyer_candidate,중소벤처기업진흥공단_GoBizKorea구매오퍼,해외바이어구매오퍼_20241231,254,말레이시아 바이어가 일회용 바디스크럽 제품(고체형)을 찾고 있습니다.,,말레이시아,말레이시아,,,,말레이시아 바이어가 일회용 바디스크럽 제품(고체형)을 찾고 있습니다. | 건강 및 미용 (Health & Beauty),말레이시아 바이어가 일회용 바디스크럽 제품(고체형)을 찾고 있습니다. | 건강 및 미용 (health & beauty),False,,,,,2024-11-08
buyer_candidate,중소벤처기업진흥공단_GoBizKorea구매오퍼,해외바이어구매오퍼_20241231,256,말레이시아 바이어가  보톡스(Botulinum Toxin) 제품 공급자를 찾고 있습니다.,,말레이시아,말레이시아,,,,말레이시아 바이어가  보톡스(Botulinum Toxin) 제품 공급자를 찾고 있습니다. | 건강 및 미용 (Health & Beauty),말레이시아 바이어가  보톡스(botulinum toxin) 제품 공급자를 찾고 있습니다. | 건강 및 미용 (health & beauty),False,,,,,2024-11-22
buyer_candidate,중소벤처기업진흥공단_GoBizKorea구매오퍼,해외바이어구매오퍼_20241231,257,"말레이시아 바이어가  토너패드, 클렌징패드, 메이크업패드 제품 공급자를 찾고 있습니다.",,말레이시아,말레이시아,,,,"말레이시아 바이어가  토너패드, 클렌징패드, 메이크업패드 제품 공급자를 찾고 있습니다. | 건강 및 미용 (Health & Beauty)","말레이시아 바이어가  토너패드, 클렌징패드, 메이크업패드 제품 공급자를 찾고 있습니다. | 건강 및 미용 (health & beauty)",False,,,,,2024-10-29
buyer_candidate,중소벤처기업진흥공단_GoBizKorea구매오퍼,해외바이어구매오퍼_20241231,258,"말레이시아 바이어가 메이크업, 스킨케어(Makeup, Skincare) 제품 공급자를 찾고 있습니다.",,말레이시아,말레이시아,,,,"말레이시아 바이어가 메이크업, 스킨케어(Makeup, Skincare) 제품 공급자를 찾고 있습니다. | 건강 및 미용 (Health & Beauty)","말레이시아 바이어가 메이크업, 스킨케어(makeup, skincare) 제품 공급자를 찾고 있습니다. | 건강 및 미용 (health & beauty)",False,,,,,2024-10-29
buyer_candidate,중소벤처기업진흥공단_GoBizKorea구매오퍼,해외바이어구매오퍼_20241231,260,호주 바이어가 리쥬란의 Salmon DNA 엑소좀 공급사를 찾고 있습니다.,,오스트레일리아,오스트레일리아,,,,호주 바이어가 리쥬란의 Salmon DNA 엑소좀 공급사를 찾고 있습니다. | 건강 및 미용 (Health & Beauty),호주 바이어가 리쥬란의 salmon dna 엑소좀 공급사를 찾고 있습니다. | 건강 및 미용 (health & beauty),False,,,,,2024-10-31
buyer_candidate,중소벤처기업진흥공단_GoBizKorea구매오퍼,해외바이어구매오퍼_20241231,264,뉴질랜드 바이이가 홈케어용 박피제거 기계 제조사를 찾습니다. (Microdermabrasion Diamond Tip) 공급업체를 찾고 있습니다.,,오스트레일리아,오스트레일리아,,,,뉴질랜드 바이이가 홈케어용 박피제거 기계 제조사를 찾습니다. (Microdermabrasion Diamond Tip) 공급업체를 찾고 있습니다. | 건강 및 미용 (Health & Beauty),뉴질랜드 바이이가 홈케어용 박피제거 기계 제조사를 찾습니다. (microdermabrasion diamond tip) 공급업체를 찾고 있습니다. | 건강 및 미용 (health & beauty),False,,,,,2024-11-08
buyer_candidate,중소벤처기업진흥공단_GoBizKorea구매오퍼,해외바이어구매오퍼_20241231,269,"말레이시아 바이어가 메디칼 페이스마스크 및 자가진단용품 등 질병확산방지용품(Medical face mask, self-test related supplies)을 찾고 있습니다.",,말레이시아,말레이시아,,,,"말레이시아 바이어가 메디칼 페이스마스크 및 자가진단용품 등 질병확산방지용품(Medical face mask, self-test related supplies)을 찾고 있습니다. | 건강 및 미용 (Health & Beauty)","말레이시아 바이어가 메디칼 페이스마스크 및 자가진단용품 등 질병확산방지용품(medical face mask, self-test related supplies)을 찾고 있습니다. | 건강 및 미용 (health & beauty)",False,,,,,2024-11-11
buyer_candidate,중소벤처기업진흥공단_GoBizKorea구매오퍼,해외바이어구매오퍼_20241231,270,말레이시아 바이어가 메이크업 쿠션 파운데이션 제조업체(Cushion foundation Manufacturer)를 찾고 있습니다.,,말레이시아,말레이시아,,,,말레이시아 바이어가 메이크업 쿠션 파운데이션 제조업체(Cushion foundation Manufacturer)를 찾고 있습니다. | 건강 및 미용 (Health & Beauty),말레이시아 바이어가 메이크업 쿠션 파운데이션 제조업체(cushion foundation manufacturer)를 찾고 있습니다. | 건강 및 미용 (health & beauty),False,,,,,2024-11-11
buyer_candidate,중소벤처기업진흥공단_GoBizKorea구매오퍼,해외바이어구매오퍼_20241231,271,"네팔 바이어가 의료 소모품 (일회용 주사, 소독제 등) 제품 제안을 요청합니다",,네팔,네팔,,,,"네팔 바이어가 의료 소모품 (일회용 주사, 소독제 등) 제품 제안을 요청합니다 | 건강 및 미용 (Health & Beauty)","네팔 바이어가 의료 소모품 (일회용 주사, 소독제 등) 제품 제안을 요청합니다 | 건강 및 미용 (health & beauty)",False,,,,,2024-11-11
buyer_candidate,중소벤처기업진흥공단_GoBizKorea구매오퍼,해외바이어구매오퍼_20241231,276,예멘바이어가 치과 재료인  Dental Composite Resins(복합레진/치과용충전재) 을 공급하는 업체를 찾습니다.,,예맨,예맨,,,,예멘바이어가 치과 재료인  Dental Composite Resins(복합레진/치과용충전재) 을 공급하는 업체를 찾습니다. | 건강 및 미용 (Health & Beauty),예멘바이어가 치과 재료인  dental composite resins(복합레진/치과용충전재) 을 공급하는 업체를 찾습니다. | 건강 및 미용 (health & beauty),False,,,,,2024-11-21
buyer_candidate,중소벤처기업진흥공단_GoBizKorea구매오퍼,해외바이어구매오퍼_20241231,281,"영국 바이어가  천연 유화제(화장품 원료, BIOEMULSIFIER) 공급사를 찾고 있습니다.",,영국,영국,,,,"영국 바이어가  천연 유화제(화장품 원료, BIOEMULSIFIER) 공급사를 찾고 있습니다. | 건강 및 미용 (Health & Beauty)","영국 바이어가  천연 유화제(화장품 원료, bioemulsifier) 공급사를 찾고 있습니다. | 건강 및 미용 (health & beauty)",False,,,,,2024-12-08
buyer_candidate,중소벤처기업진흥공단_GoBizKorea구매오퍼,해외바이어구매오퍼_20241231,283,헝가리 바이어가 스폰질라 스피큘류의 화장품 set(Spongilla Spicul)를 찾습니다.,,헝가리,헝가리,,,,헝가리 바이어가 스폰질라 스피큘류의 화장품 set(Spongilla Spicul)를 찾습니다. | 건강 및 미용 (Health & Beauty),헝가리 바이어가 스폰질라 스피큘류의 화장품 set(spongilla spicul)를 찾습니다. | 건강 및 미용 (health & beauty),False,,,,,2024-11-21
buyer_candidate,중소벤처기업진흥공단_GoBizKorea구매오퍼,해외바이어구매오퍼_20241231,285,인도네시아 바이어가 공기청정기 공급 업체를 찾고 있습니다.,,인도네시아,인도네시아,,,,인도네시아 바이어가 공기청정기 공급 업체를 찾고 있습니다. | 건강 및 미용 (Health & Beauty),인도네시아 바이어가 공기청정기 공급 업체를 찾고 있습니다. | 건강 및 미용 (health & beauty),False,,,,,2024-12-12
buyer_candidate,중소벤처기업진흥공단_GoBizKorea구매오퍼,해외바이어구매오퍼_20241231,287,미얀마 바이어가 현지 수출 이력이 없는 저렴한 더마 크림을 찾고 있습니다,,미얀마,미얀마,,,,미얀마 바이어가 현지 수출 이력이 없는 저렴한 더마 크림을 찾고 있습니다 | 건강 및 미용 (Health & Beauty),미얀마 바이어가 현지 수출 이력이 없는 저렴한 더마 크림을 찾고 있습니다 | 건강 및 미용 (health & beauty),False,,,,,2024-12-31
buyer_candidate,중소벤처기업진흥공단_GoBizKorea구매오퍼,해외바이어구매오퍼_20241231,290,이스라엘 바이어가 올리브영 입점 브랜드 화장품 총판 업체를 찾고 계십니다.,,이스라엘,이스라엘,,,,이스라엘 바이어가 올리브영 입점 브랜드 화장품 총판 업체를 찾고 계십니다. | 건강 및 미용 (Health & Beauty),이스라엘 바이어가 올리브영 입점 브랜드 화장품 총판 업체를 찾고 계십니다. | 건강 및 미용 (health & beauty),False,,,,,2024-12-13
buyer_candidate,중소벤처기업진흥공단_GoBizKorea구매오퍼,해외바이어구매오퍼_20241231,296,홍콩 바이어가  투명 썬 패치 (transparent sun patch) 관련 공급사를 찾고 있습니다.,,홍콩,홍콩,,,,홍콩 바이어가  투명 썬 패치 (transparent sun patch) 관련 공급사를 찾고 있습니다. | 건강 및 미용 (Health & Beauty),홍콩 바이어가  투명 썬 패치 (transparent sun patch) 관련 공급사를 찾고 있습니다. | 건강 및 미용 (health & beauty),False,,,,,2024-12-24
buyer_candidate,중소벤처기업진흥공단_GoBizKorea구매오퍼,해외바이어구매오퍼_20241231,301,나이지리아 바이어가 유아 스킨케어 제품을 찾습니다.,,나이지리아,나이지리아,,,,나이지리아 바이어가 유아 스킨케어 제품을 찾습니다. | 건강 및 미용 (Health & Beauty),나이지리아 바이어가 유아 스킨케어 제품을 찾습니다. | 건강 및 미용 (health & beauty),False,,,,,2024-12-18
buyer_candidate,중소벤처기업진흥공단_GoBizKorea구매오퍼,해외바이어구매오퍼_20241231,303,말레이시아 바이어가 의료용 비자성 마길 포셉(non-magnetic Magill forceps) 공급업체를 찾고 있습니다.,,말레이시아,말레이시아,,,,말레이시아 바이어가 의료용 비자성 마길 포셉(non-magnetic Magill forceps) 공급업체를 찾고 있습니다. | 건강 및 미용 (Health & Beauty),말레이시아 바이어가 의료용 비자성 마길 포셉(non-magnetic magill forceps) 공급업체를 찾고 있습니다. | 건강 및 미용 (health & beauty),False,,,,,2025-01-31
buyer_candidate,중소벤처기업진흥공단_GoBizKorea구매오퍼,해외바이어구매오퍼_20241231,306,필리핀 바이어가 에세틱샵용 미용기기(Beauty device for esthetic shop) 공급업체를 찾고 있습니다.,,필리핀,필리핀,,,,필리핀 바이어가 에세틱샵용 미용기기(Beauty device for esthetic shop) 공급업체를 찾고 있습니다. | 건강 및 미용 (Health & Beauty),필리핀 바이어가 에세틱샵용 미용기기(beauty device for esthetic shop) 공급업체를 찾고 있습니다. | 건강 및 미용 (health & beauty),False,,,,,2024-12-31
buyer_candidate,중소벤처기업진흥공단_GoBizKorea구매오퍼,해외바이어구매오퍼_20241231,308,아랍 에미레이트 바이어가 헬스케어 솔루션  관련 공급사를 찾고 있습니다.,,아랍에미리트,아랍에미리트,,,,아랍 에미레이트 바이어가 헬스케어 솔루션  관련 공급사를 찾고 있습니다. | 건강 및 미용 (Health & Beauty),아랍 에미레이트 바이어가 헬스케어 솔루션  관련 공급사를 찾고 있습니다. | 건강 및 미용 (health & beauty),False,,,,,2025-01-05
buyer_candidate,중소벤처기업진흥공단_GoBizKorea구매오퍼,해외바이어구매오퍼_20241231,309,"호주 바이어가 안면홍조, 여드름, 색소침착을 치료하는 스킨케어 (effective for pigmentation, acne, rosacea) 제품 공급자를 찾습니다.",,오스트레일리아,오스트레일리아,,,,"호주 바이어가 안면홍조, 여드름, 색소침착을 치료하는 스킨케어 (effective for pigmentation, acne, rosacea) 제품 공급자를 찾습니다. | 건강 및 미용 (Health & Beauty)","호주 바이어가 안면홍조, 여드름, 색소침착을 치료하는 스킨케어 (effective for pigmentation, acne, rosacea) 제품 공급자를 찾습니다. | 건강 및 미용 (health & beauty)",False,,,,,2024-12-17
buyer_candidate,중소벤처기업진흥공단_GoBizKorea구매오퍼,해외바이어구매오퍼_20241231,314,미국바이어가 반려동물미용용품(Pet Grooming Supplies) 공급업체를 찾고 있습니다.,,미국,미국,,,,미국바이어가 반려동물미용용품(Pet Grooming Supplies) 공급업체를 찾고 있습니다. | 건강 및 미용 (Health & Beauty),미국바이어가 반려동물미용용품(pet grooming supplies) 공급업체를 찾고 있습니다. | 건강 및 미용 (health & beauty),False,,,,,2024-12-31
buyer_candidate,중소벤처기업진흥공단_GoBizKorea구매오퍼,해외바이어구매오퍼_20241231,325,인도 바이어가 K-BEAUTY 화장품  관련 공급사를 찾고 있습니다.,,인도,인도,,,,인도 바이어가 K-BEAUTY 화장품  관련 공급사를 찾고 있습니다. | 건강 및 미용 (Health & Beauty),인도 바이어가 k-beauty 화장품  관련 공급사를 찾고 있습니다. | 건강 및 미용 (health & beauty),False,,,,,2025-01-03
buyer_candidate,중소벤처기업진흥공단_GoBizKorea구매오퍼,해외바이어구매오퍼_20181231,12,필리핀 바이어가 바디필러를 수입코저 합니다.,,,,,,,필리핀 바이어가 바디필러를 수입코저 합니다. | ,필리핀 바이어가 바디필러를 수입코저 합니다. | ,False,,,,,
buyer_candidate,중소벤처기업진흥공단_GoBizKorea구매오퍼,해외바이어구매오퍼_20181231,13,"나이지리아 바이어가 크림, 로션을 수입코저 합니다.",,,,,,,"나이지리아 바이어가 크림, 로션을 수입코저 합니다. | ","나이지리아 바이어가 크림, 로션을 수입코저 합니다. | ",False,,,,,
buyer_candidate,중소벤처기업진흥공단_GoBizKorea구매오퍼,해외바이어구매오퍼_20181231,26,"인도네시아 바이어가 '미용 도구, 스킨 케어, 헤어 도구'를 수입하고자 합니다. ",,,,,,,"인도네시아 바이어가 '미용 도구, 스킨 케어, 헤어 도구'를 수입하고자 합니다.  | ","인도네시아 바이어가 '미용 도구, 스킨 케어, 헤어 도구'를 수입하고자 합니다.  | ",False,,,,,
buyer_candidate,중소벤처기업진흥공단_GoBizKorea구매오퍼,해외바이어구매오퍼_20181231,33,"홍콩 바이어가 '한국에서 생산된 파티용 화장품(할로윈, 카니발, 파티등에서 사용하는)'을 수입하고자 합니다.",,,,,,,"홍콩 바이어가 '한국에서 생산된 파티용 화장품(할로윈, 카니발, 파티등에서 사용하는)'을 수입하고자 합니다. | ","홍콩 바이어가 '한국에서 생산된 파티용 화장품(할로윈, 카니발, 파티등에서 사용하는)'을 수입하고자 합니다. | ",False,,,,,
buyer_candidate,중소벤처기업진흥공단_GoBizKorea구매오퍼,해외바이어구매오퍼_20181231,36,인도 바이어가 화장품 공급 업체를 찾고 있습니다. ,,,,,,,인도 바이어가 화장품 공급 업체를 찾고 있습니다.  | ,인도 바이어가 화장품 공급 업체를 찾고 있습니다.  | ,False,,,,,
buyer_candidate,중소벤처기업진흥공단_GoBizKorea구매오퍼,해외바이어구매오퍼_20181231,39,인도네시아바이어가 화장품 OEM 가능업체(cosmetics OEM manufacturer)를 찾고자 합니다.,,,,,,,인도네시아바이어가 화장품 OEM 가능업체(cosmetics OEM manufacturer)를 찾고자 합니다. | ,인도네시아바이어가 화장품 oem 가능업체(cosmetics oem manufacturer)를 찾고자 합니다. | ,False,,,,,
buyer_candidate,중소벤처기업진흥공단_GoBizKorea구매오퍼,해외바이어구매오퍼_20181231,40,인도네시아바이어가 화장품 용기(Cosmetic Packaging)를 찾고자 합니다.,,,,,,,인도네시아바이어가 화장품 용기(Cosmetic Packaging)를 찾고자 합니다. | ,인도네시아바이어가 화장품 용기(cosmetic packaging)를 찾고자 합니다. | ,False,,,,,
buyer_candidate,중소벤처기업진흥공단_GoBizKorea구매오퍼,해외바이어구매오퍼_20181231,43,"인도 바이어가 화장품, 스킨케어 제품을 수입코저 합니다.",,,,,,,"인도 바이어가 화장품, 스킨케어 제품을 수입코저 합니다. | ","인도 바이어가 화장품, 스킨케어 제품을 수입코저 합니다. | ",False,,,,,
buyer_candidate,중소벤처기업진흥공단_GoBizKorea구매오퍼,해외바이어구매오퍼_20181231,53,인도바이어가 플라스틱 소재의 화장품용기 (cosmetics packaging made out of plastics)를 수입하고자 합니다.,,,,,,,인도바이어가 플라스틱 소재의 화장품용기 (cosmetics packaging made out of plastics)를 수입하고자 합니다. | ,인도바이어가 플라스틱 소재의 화장품용기 (cosmetics packaging made out of plastics)를 수입하고자 합니다. | ,False,,,,,
buyer_candidate,중소벤처기업진흥공단_GoBizKorea구매오퍼,해외바이어구매오퍼_20181231,64,"방글라데시 바이어가 화장품, 헤어케어제품을 수입하고자 합니다.",,,,,,,"방글라데시 바이어가 화장품, 헤어케어제품을 수입하고자 합니다. | ","방글라데시 바이어가 화장품, 헤어케어제품을 수입하고자 합니다. | ",False,,,,,
buyer_candidate,중소벤처기업진흥공단_GoBizKorea구매오퍼,해외바이어구매오퍼_20181231,69,싱가포르 바이어가 '한국 화장품'을 수입하고자 합니다. ,,,,,,,싱가포르 바이어가 '한국 화장품'을 수입하고자 합니다.  | ,싱가포르 바이어가 '한국 화장품'을 수입하고자 합니다.  | ,False,,,,,
buyer_candidate,중소벤처기업진흥공단_GoBizKorea구매오퍼,해외바이어구매오퍼_20181231,71,미국 바이어가 '썬크림(SPF100)'을 수입하고자 합니다.,,,,,,,미국 바이어가 '썬크림(SPF100)'을 수입하고자 합니다. | ,미국 바이어가 '썬크림(spf100)'을 수입하고자 합니다. | ,False,,,,,
buyer_candidate,중소벤처기업진흥공단_GoBizKorea구매오퍼,해외바이어구매오퍼_20181231,72,미국 바이어가 '가정용 주름제거 미용기기'를 수입하고자 합니다.,,,,,,,미국 바이어가 '가정용 주름제거 미용기기'를 수입하고자 합니다. | ,미국 바이어가 '가정용 주름제거 미용기기'를 수입하고자 합니다. | ,False,,,,,
buyer_candidate,중소벤처기업진흥공단_GoBizKorea구매오퍼,해외바이어구매오퍼_20181231,81,"중국 바이어가 '개인 생활용품(클렌저, 미용기기, 칫솔 살균기)'을 수입하고자 합니다.",,,,,,,"중국 바이어가 '개인 생활용품(클렌저, 미용기기, 칫솔 살균기)'을 수입하고자 합니다. | ","중국 바이어가 '개인 생활용품(클렌저, 미용기기, 칫솔 살균기)'을 수입하고자 합니다. | ",False,,,,,
buyer_candidate,중소벤처기업진흥공단_GoBizKorea구매오퍼,해외바이어구매오퍼_20181231,82,대만 바이어가 '한국 화장품'을 수입하고자 합니다.,,,,,,,대만 바이어가 '한국 화장품'을 수입하고자 합니다. | ,대만 바이어가 '한국 화장품'을 수입하고자 합니다. | ,False,,,,,
buyer_candidate,중소벤처기업진흥공단_GoBizKorea구매오퍼,해외바이어구매오퍼_20181231,87,"중국 바이어가 트랜디한 한국 화장품""을 수입하고자 합니다.",,,,,,,"중국 바이어가 트랜디한 한국 화장품""을 수입하고자 합니다. | ","중국 바이어가 트랜디한 한국 화장품""을 수입하고자 합니다. | ",False,,,,,
buyer_candidate,중소벤처기업진흥공단_GoBizKorea구매오퍼,해외바이어구매오퍼_20181231,148,미국바이어가 화장품 스킨케어 및 메이크업(쿠션만)을 수입하고자 합니다.,,,,,,,미국바이어가 화장품 스킨케어 및 메이크업(쿠션만)을 수입하고자 합니다. | ,미국바이어가 화장품 스킨케어 및 메이크업(쿠션만)을 수입하고자 합니다. | ,False,,,,,
buyer_candidate,중소벤처기업진흥공단_GoBizKorea구매오퍼,해외바이어구매오퍼_20181231,180,"[마감완료] 네팔바이어가 문구류, 화장품류를 수입하고자 합니다. ",,,,,,,"[마감완료] 네팔바이어가 문구류, 화장품류를 수입하고자 합니다.  | ","[마감완료] 네팔바이어가 문구류, 화장품류를 수입하고자 합니다.  | ",False,,,,,
